1,cadencebank.com
2,mandmbank.com
3,regions.com
4,renasant.com
5,hancockwhitney.com
6,bankofengland-ar.com
7,fmlafayette.com
8,marion-bank.com
9,bankoffrankewing.com
10,meritbank.com
11,cbsbank.com
12,fnbforyou.com
13,wabt.com
14,samsonbanking.com
15,tcbenterprise.com
16,brantleybank.com
17,bankccb.com
18,bibank.com
19,ucbi.com
20,22ndstatebank.com
21,firstusbank.com
22,peoplesbankofgreensboro.com
23,fandm.bank
24,fbonline.biz
25,fmbal.com
26,cbozark.com
27,ffbalabama.com
28,towercommunitybank.com
29,libertybankal.com
30,firststatebank.bank
31,amerisbank.com
32,libertybank.net
33,firststatebanksouth.com
34,peoplessouth.com
35,ecommonwealthbank.com
36,fnbhamilton.com
37,peoplesbankal.com
38,tcubank.com
39,fcbl.com
40,woodforest.com
41,firstjacksonbank.com
42,citizensbankal.com
43,fsbal.com
44,bankers-bank.com
45,valleystate.com
46,bankofhope.com
47,evabank.com
48,premierbankofthesouth.com
49,citizensbanktrenton.com
50,pibonline.com
51,firstmetro.com
52,metrobankpc.com
53,northalabamabank.com
54,bankmidsouth.com
55,fnbandt.com
56,firstbankofboaz.com
57,cnbal.net
58,fnbdozier.com
59,fnbhartford.com
60,hnbfirst.com
61,friendbank.net
62,fssbank.com
63,fbal.bank
64,amerifirstbank.com
65,firstsouthern.com
66,pinnaclebanc.com
67,sobanco.com
68,fcbcullman.com
69,cullmansavingsbank.com
70,1stfed.com
71,bankffb.com
72,lifestepsbank.com
73,southstatebank.com
74,ccbank.net
75,thefirstbank.com
76,millennial.bank
77,auburnbank.com
78,wellsfargo.com
79,pnfp.com
80,robertsonbanking.com
81,phenix-girard.com
82,thebankofevergreen.com
83,firsthorizon.com
84,trustmark.com
85,communityspirit.bank
86,bankofvernon.bank
87,cbwinfield.com
88,exba.com
89,troybankandtrust.com
90,unionstate.net
91,bankofbrewton.com
92,fcbca.com
93,citizensbanktrust.com
94,hometownbankalabama.com
95,traditionsal.com
96,peoplestrustbk.com
97,bankofwalkercounty.bank
98,servisfirstbank.com
99,bryantbank.com
100,unitedbank.com
101,southpoint.bank
102,noblebank.com
103,metrocitybank.bank
104,riverbankandtrust.com
105,investarbank.com
106,southernindependentbank.com
107,smartbank.com
108,southernstatesbank.net
109,firstcahawba.com
110,oakworth.com
111,bankplus.net
112,commerceonebank.com
113,jpmorganchase.com
114,pnc.com
115,peb.bank
116,centralstatebank.com
117,ctbconnect.com
118,statebank.net
119,firstbankonline.com
120,synovus.com
121,bankfirstfs.com
122,communitybank.net
123,bankofmoundville.com
124,valley.com
125,mylocal.bank
126,sweetwaterstbk.com
127,ccbg.com
128,truist.com
129,firstbankak.com
130,fnbalaska.com
131,key.com
132,mtmckinleybank.com
133,denalistatebank.com
134,northrim.com
135,fibt.com
136,stearnsbank.com
137,firstinterstatebank.com
138,firstcitizens.com
139,gatewayfirst.com
140,bmo.com
141,bankofcolorado.com
142,banterra.bank
143,efirstbank.com/
144,parkwaybank.com
145,unisonbank.com
146,bell.bank
147,academybank.com
148,sunwestbank.com
149,bootheelbank.com
150,zionsbancorporation.com
151,firstamtrust.com
152,enterprisebank.com
153,wafdbank.com
154,bank34.com
155,glacierbank.com
156,ppbi.com
157,usaa.com
158,mynycb.com
159,1stnb.com
160,gulfbank.com
161,cbtno.com
162,wilmingtontrust.com
163,firstib.com
164,bankofamerica.com
165,alerus.com
166,midfirst.com
167,bokfinancial.com
168,sunflowerbank.com
169,bncbank.com
170,1stbankyuma.com
171,westernalliancebank.com
172,myfw.com
173,bealbankusa.com
174,tradition.bank
175,austincapitalbank.com
176,republicbankaz.com
177,wvnb.net
178,citywidebanks.com
179,finemarkbank.com
180,crossfirstbank.com
181,gcbaz.com
182,meadowsbank.bank
183,scottsdalecommunitybank.com
184,zenithprivate.com
185,usbank.com
186,nextierbank.com
187,umb.com
188,westernbanks.com
189,northerntrust.com
190,bankerstrust.com
191,comerica.com
192,fbtbly.com
193,fbtbank.com
194,bankofcavecity.com
195,unicobank.com
196,horatiostatebank.com
197,ozk.com
198,my100bank.com
199,mcgeheebank.com
200,bksalem.net
201,fnbizardcounty.com
202,pbmag.com
203,myfarmers.bank
204,fnbc.us
205,gofarmersbank.com
206,getevolved.com
207,fwbank.com
208,fsbmybank.com
209,mycrossbank.com
210,focusbank.com
211,unionbankofmena.com
212,mnbbank.com
213,firststatebk.com
214,diamond.bank
215,banksouthern.com
216,bankoflakevillage.com
217,mebanking.com
218,secbnk.com
219,fsnb.com
220,mandp.bank
221,fabandt.bank
222,thecitizensbank.net
223,stonebank.com
224,unionbnk.com
225,centralbankar.com
226,firstservicebank.com
227,cnbtxk.com
228,firstar.bank
229,myfm.bank
230,rely.bank
231,fidelitybanker.com
232,fnsbank.com
233,fsbdequeen.com
234,armstrong.bank
235,equitybank.com
236,bankwithsouthern.com
237,armor.bank
238,ffb1.com
239,greatsouthernbank.com
240,cnext.bank
241,united-bk.com
242,grandsavingsbank.com
243,texanabank.com
244,todaysbank.com
245,prioritybank.com
246,firstcommunity.net
247,bankencore.com
248,comcapbank.com
249,currency.bank
250,pjsb.com
251,1889.bank
252,fnbea.com
253,fnbfs.com
254,anstaffbank.com
255,eaglebank.com
256,fnbank.net
257,simmonsbank.com
258,firstnb.bank
259,intrustbank.com
260,fnbtb.com
261,chambers.bank
262,csbarkansas.com
263,smackoverbank.com
264,bodcawbank.com
265,piggottstatebank.com
266,fsbank.com
267,connectbank.us
268,cs.bank
269,peoplesbankar.com
270,sterbank.bank
271,legacyar.com
272,oakstarbank.com
273,warrenbanktrust.com
274,cbozarks.com
275,arvest.com
276,gatewaybank.bank
277,mfbanknet.com
278,cbankandtrust.com
279,mygenerations.bank
280,signature.bank
281,commercial-bank.net
282,bankoflittlerock.com
283,riversidebanc.com
284,firststatewarren.com
285,bankofdelight.net
286,cassbank.com
287,first.bank
288,fmb.com
289,fmbonline.com
290,bankofstockton.com
291,umpquabank.com
292,cnb.com
293,mechanicsbank.com
294,cathaybank.com
295,manufacturersbank.com
296,rivercitybank.com
297,fremontbank.com
298,ctbcbankusa.com
299,bankbac.com
300,idbny.com
301,bankorient.com
302,bylinebank.com
303,wallisbank.com
304,bankofguam.com
305,hcnbank.com
306,cbbank.com
307,tcbk.com
308,montecito.bank
309,gbcib.com
310,bankofthesierra.com
311,cvcb.com
312,newomnibank.com
313,calpacificbank.com
314,plumasbank.com
315,bnymellon.com
316,tib.bank
317,mnbsf.com
318,upbnet.com
319,summitbanking.com
320,oneunited.com/
321,sbical.com
322,hanmi.com
323,whittierbank.com
324,icbc-us.com
325,wooriamericabank.com
326,habbank.com
327,c3bank.com
328,murphybank.com
329,hatchbank.com
330,met.bank
331,goldenbank-na.com
332,hbc.bank
333,ccombank.com
334,balboathrift.com
335,sofi.com
336,unitedsecuritybank.com
337,silvergate.com
338,bannerbank.com
339,unitedfidelity.com
340,universalbank.com
341,myprovident.com
342,eldoradosavingsbank.com
343,ffsavings.com
344,eastwestbank.com
345,summitstatebank.com
346,sterlingbank.com
347,eibankca.com
348,malagabank.com
349,homestreet.com
350,lendingclub.com
351,bealbank.com
352,bankofmarin.com
353,asianpacificbank.com
354,gatewayfsb.com
355,shbamerica.com
356,ovcb.com
357,preferredbank.com
358,evertrustbank.com
359,bankcbb.com
360,westamerica.com
361,swnbk.com
362,cityfirstbank.com
363,thatsmybank.com
364,mynnb.com
365,afnb.com
366,americanbb.bank
367,missionbank.bank
368,firsticbank.com
369,americanfunds.com
370,libertybk.com
371,fivestarbank.com
372,chinocommercialbank.com
373,axosbank.com
374,cnboftexas.com
375,banksocal.com
376,yourcbsm.com
377,missionvalleybank.com
378,cwbk.com
379,cbcal.com
380,americancontinentalbank.com
381,mypcbbank.com
382,avidbank.com
383,goldenstatebank.com
384,sccountybank.com
385,rdwo.com
386,unitedbusinessbank.com
387,excel.bank
388,pacificvalleybank.com
389,cbb-bank.com
390,about.us.hsbc.com/hsbc-in-the-usa
391,poppy.bank
392,californiabusinessbank.com
393,firstgeneralbank.com
394,bankbsf.com
395,ffb.bank
396,firstpacbank.com
397,pacificalliancebank.com
398,myrvcb.com
399,goldenvalley.bank
400,americanriviera.bank
401,calprivate.bank
402,pinnacle.bank
403,usmetrobank.com
404,megabankusa.com
405,bankcornerstone.com
406,bankaplus.com
407,1stcapital.bank
408,beneficialstatebank.com
409,yourcvb.com
410,californiabankofcommerce.com
411,partnersbankca.com
412,firstfoundationinc.com
413,royalbusinessbankusa.com
414,goinfinitybank.com/
415,endeavor.bank
416,legacybankca.com
417,mygenesisbank.com
418,beachcitiescb.com
419,bankirvine.com
420,iconbusinessbank.com
421,citibank.com
422,savingsbank.com
423,magnoliabank.com
424,exchangebank.com
425,fsbbrushakron.com
426,bankrivserstone.com
427,gunnisonbank.com
428,mcclavebank.com
429,colobank.com
430,inbank.com
431,pbandt.bank
432,centralbank.net
433,alamosastatebank.com
434,transactbank.com
435,fnb.com
436,fnbtrinidad.com
437,firstnationalbanks.com
438,frontierbankco.com
439,midwestone.bank
440,americanbankoffreedom.bank
441,yourfriendlybank.com
442,bankmvb.com
443,firstierbanks.com
444,redibank.com
445,ppnb.com
446,csbcolorado.com
447,yourfsb.com
448,fnbcortez.com
449,cbtks.com
450,abtbank.com
451,theabcbank.com
452,nvbank.bank
453,bankofestespark.com
454,psbtrust.com
455,kirkpatrickbank.com
456,rnbonline.com
457,wraystatebank.com
458,alpinebank.com
459,bbwest.com
460,enbcolorado.com
461,tbkbank.com
462,fmsbank.com
463,grandvalleybank.com
464,commercebank.com
465,yacenter.org
466,nativeamericanbank.com
467,slvfed.bank
468,rgbank.bank
469,goldenbeltbank.com
470,truelocalbank.com
471,highcountrybank.net
472,highplainsbank.com
473,fnbfleming.com
474,rmbt.com
475,fnbhugo.com
476,pwcbank.com
477,firstnationalbankcolorado.com
478,gunnisonsl.com
479,firstcoloradobank.com
480,fpnb.bank
481,equitable-savings.com
482,independent-bank.com
483,coloradofederalbank.com
484,fasbank.com
485,fortisbankus.com
486,fmbcolby.com
487,yampavalleybank.com
488,thebankforme.com
489,firstoakbank.com
490,gn-bank.com
491,waypointbank.com
492,mnb.bank
493,fnbo.com
494,herringbank.com
495,thechampionbank.com
496,flatirons.bank
497,amgnational.com
498,farmersbank-weld.com
499,memberstrust.com
500,integritybankandtrust.com

