1,www.regions.com/personal-banking
2,login.regions.com/signin?channel=olb&product=accountoverview
3,investors.renasant.com/user/login
4,marionbank.myebanking.net/#/
5,www.marion-bank.com/
6,www.marion-bank.com/online-banking-login
7,www.marion-bank.com/personal-banking
9,www.meritbank.com/
10,www.olb-ebanking.com/064107994/login/
11,www.fnbforyou.com/
12,www.bankofengland-ar.com/#
13,www.bankofengland-ar.com/
14,samsonbanking.com/login
15,web2.ibtapps.com/SamsonOLB/Auth/EnterUsername
16,web2.ibtapps.com/SamsonOLB/Auth/EnterUsername?ReturnUrl=%2fSamsonOLB%2fAccount%2fSummary%2f0
17,www.wabt.com/
18,web4.secureinternetbank.com/PBI_PBI1151/login/remote/062205704
19,www.bankoffrankewing.com/
20,www.bankoffrankewing.com/personal/checking
21,olb.bankoffrankewing.com/login/
22,olb.bankoffrankewing.com/login.aspx
23,cadencebank.com/log-in
24,cadencebank.com/
25,invoicetopay.cadencebank.com/app/login/
26,mandmbank.com/login
27,secure.mandmbank.com/merchantsandmarinebankonline_40/Uux.aspx#/login
28,mandmbank.com/
30,info.mandmbank.com/brand-resources
31,mandmbank.com/news-insights/
32,www.fmlafayette.com/
33,my.fmlafayette.com/login
34,my.fmlafayette.com/forgot
35,my.fmlafayette.com/enroll
36,www.22ndstatebank.com/login
37,www.22ndstatebank.com/
38,olb.tcbenterprise.com/login/
39,bank.peoplesbankofgreensboro.com/login
40,www.fandm.bank/
42,www.olb-ebanking.com/062204530/login/
43,www.brantleybank.com/portals/brantleybanktrust/Skins/BrantleyBTCSkins/LoginOLB/LoginOLB.html
44,www.brantleybank.com/
45,start.brantleybank.com/
47,web4.secureinternetbank.com/EBC_EBC1151/Login/062201559/332
48,web4.secureinternetbank.com/ebc_ebc1151/Login/062201559/332
49,web4.secureinternetbank.com/WebCaptureWeb/RUSSELLVILLE/WcLogin.do
50,web4.secureinternetbank.com/WebCaptureWeb/RUSSELLVILLE/MerchantCapture.do?appId=EBI1450&FID=062201559&RT=062201559
51,www.cbsbank.com/
52,web4.secureinternetbank.com/PBI_PBI1151/Login/Remote/062201559
53,www.cbsbank.com/#login-internet-banking
54,www.ffbalabama.com/
55,web2.secureinternetbank.com/pbi_pbi1151/login/remote/262286950
56,www.libertybankal.com/
58,www.fusb.com/
59,www.cbozark.com/
60,my.cbozark.com/login
61,www.cbozark.com/resources/meet-our-staff
62,my.cbozark.com/forgot
63,www.alabamaone.org/
64,secure.alabamaone.org/alabamaone/uux.aspx?hsCtaTracking=af0a421b-0260-4466-8c0c-50310ce1cced%7C226683d3-847f-4a3c-95d9-ad901a1c5fa7#/login
66,www.alabamaone.org/product/personal-checking-account
67,secure.alabamaone.org/alabamaone/uux.aspx
68,syncbusiness.bibank.com/bibank/login
69,www.bibank.com/
70,mymortgage.bibank.com/homehub/login/MORTGAGESALES@BIBANK.COM
71,mymortgage.bibank.com/homehub/signup/mortgagesales@bibank.com?from_mobile_share=true
72,bibank.myapexcard.com/login
73,www.towercommunitybank.com/login
74,towercommunitybank.myebanking.net/#/login
75,vpn.towercommunitybank.com/
76,www.peoplessouth.com/
77,secure.peoplessouth.com/login
78,secure.peoplessouth.com/
79,secure.peoplessouth.com/forgot
80,www.ecommonwealthbank.com/about/
81,www.ecommonwealthbank.com/contact-us/
82,www.ecommonwealthbank.com/loans/
83,www.libertybank.net/accounts/online-banking-registration/
84,www.ucbi.com/login
85,www.ucbi.com/business-banking/treasury-management/accounts-payable-services
86,www.ucbi.com/
87,connect.ucbi.com/logon/LogonPoint/index.html
88,secure.ucbi.com/UnitedCommunityBankOnline/UUX.aspx
90,www.fsbsouth.com/login
91,web4.ibtapps.com/olb-sul/Auth/EnterUsername?ReturnUrl=%2folb-sul%2fAccount%2fSummary%2f0
92,web4.ibtapps.com/olb-sul/Auth/EnterUsername
93,www.fsbsouth.com/
94,www.fsbsouth.com/account-comparison/
95,www.tcubank.com/online-services/online-banking-bill-pay
96,www.tcubank.com/
97,www.tcubank.com/united-together
99,www.netteller.com/login2008/Authentication/Views/Login.aspx?returnUrl=%2FTCUNITEDBANK
100,www.fcbl.com/login
101,my.fcbl.com/login
102,www.citizensbankal.com/
103,www.fsbal.com/
104,www.evabank.com/
105,my.evabank.com/forgot
107,www.evabank.com/lending/payment-center
108,www.evabank.com/online/banno-online-and-mobile-banking
109,sftp2.amerisbank.com/webclient/Login.xhtml
110,sftptest.amerisbank.com/webclient/Login.xhtml
111,sftp2.amerisbank.com/webclient/
112,www.amerisbank.com/
113,firstjacksonbank.com/login
114,my.firstjacksonbank.com/login
115,my.firstjacksonbank.com/forgot/
116,fnbhamilton.com/online-banking-mobile-app/online-banking/
117,fnbhamilton.com/
118,fnbhamilton.com/yourfutureourfocus/
121,www.fnbhamilton.com/
122,www.firstmetro.com/
123,www.olb-ebanking.com/062203955/login/
124,web3.ibtapps.com/olb-boz/Auth/EnterUsername
125,www.metrobankpc.com/login
126,metrobankpc.myebanking.net/#/login
127,www.northalabamabank.com/login
128,www.northalabamabank.com/
129,northalabamabank.myebanking.net/#/login
130,valleystate.com/
131,valleystate.com/online-banking/
132,valleystate.com/personal/personal-digital-banking/
133,my.premierbankofthesouth.com/login
134,www.premierbankofthesouth.com/
136,my.premierbankofthesouth.com/forgot
137,www.premierbankofthesouth.com/about/locations
138,my.trustcbt.com/login
139,my.trustcbt.com/forgot
140,trustcbt.com/leaving-banzai
141,www.bankmidsouth.com/login
142,www.bankmidsouth.com/login/
143,secure.bankmidsouth.com/midsouthbankonlinebanking/uux.aspx#/login
144,www.dozierbank.com/
145,www.bankers-bank.com/
146,members.bankers-bank.com/login/?redirect_to=https%3A%2F%2Fmembers.bankers-bank.com%2F
147,www.fnbandt.com/
148,my.fnbandt.com/login
149,www.cnbal.net/online-services/online-banking
150,www.cnbal.net/
151,www.cnbal.net/online-services/mobile-banking
152,www.netteller.com/login2008/Authentication/Views/Login.aspx?returnUrl=%2fcnbal
154,online.peoplesbankal.com/PeoplesBankofAlabamaOnline/uux.aspx#/login/
155,peoplesbankal.com/
156,www.fbal.bank/
157,web13.secureinternetbank.com/PBI_PBI1151/Login/062101882/1
158,www.fnbhartford.com/
159,www.firstsouthern.com/login
160,www.firstsouthern.com/
161,www.friendbank.net/
162,web13.secureinternetbank.com/EBC_EBC1151/Login/062102221/250
163,www.hancockwhitney.com/
164,www.hancockwhitney.com/wealth-management
165,ccm.hancockwhitney.com/centre/
166,client.adviceworks.net/auth/login
167,client.adviceworks.net/auth/login?brand=hancockwhitney
168,hwtreasurymanager.com/ui
170,login2.fisglobal.com/idp/HCBTRPWL/?ClientID=WebLinkUI
171,login.hancockwhitney.com/apps/HancockWhitney/
172,portal.envestnet.com/secure/cp/index.html?_channel=redwood&firm=hancock_whitney
173,rewards.hancockwhitney.com/welcome.htm?login_error=true&product=0175
174,rewards.hancockwhitney.com/externalLogin.htm
175,hancockwhitney.cardmanager.com/?product=HANCOCKWHITNEY
176,www.go-retire.com/hancockwhitney
177,www.hancockwhitney.com/insights/understanding-tax-related-identity-theft
178,www.bankofhope.com/
179,www.bankofhope.com/business-banking
180,applynow.bankofhope.com/
182,www.fcbcullman.com/login
183,www.fcbcullman.com/#
184,www.fcbcullman.com/portals/firstcommunitybankcullman/Skins/FirstCommunityBank/LoginOLB/LoginOLB.html
185,www.firstbankofboaz.com/login
186,www.firstbankofboaz.com/
187,olb.firstbankofboaz.com/login/
188,olb.firstbankofboaz.com/
189,www.firstbankofboaz.com/Other-Services/Debit-Cards-ATM
190,my.sobanco.com/login
191,sobanco.com/online-banking/
192,altline.sobanco.com/best-factoring-companies/
193,online.woodforest.com/
194,www.woodforest.com/About-Us/Contact-Us
195,online.woodforest.com/login
196,www.woodforest.com/
197,wnbtreasurymanager.olbanking.com/onlineMessenger
198,wnbtreasurymanager.olbanking.com/
199,positivepay.woodforest.com/ExactTMS/Pages/Login.aspx
200,my.bank-47.com/login
201,www.bank-47.com/loans/consumer-loans
202,my.bank-47.com/forgot
203,www.bank-47.com/
204,my.pinnaclebanc.com/login
205,www.pinnaclebanc.com/
207,my.pinnaclebanc.com/forgot
208,accounts.1stfed.com/login
209,www.1stfed.com/
211,olb.fssbank.com/login
212,www.fssbank.com/
213,www.thefirstbank.com/
214,my.thefirstbank.com/login
215,www.thefirstbank.com/shred---it-day---national-day-of-service
216,www.thefirstbank.com/business/online-mobile
217,my.amerifirstbank.com/login
218,www.auburnbank.com/
219,www.netteller.com/login2008/Authentication/Views/Login.aspx
220,www.millennial.bank/OLB-Login
221,www.millennial.bank/portals/millennialbank/Skins/MillennialBank/LoginOLB/NewOLB.html
222,www.millennial.bank/
224,www.phenix-girard.com/login
225,phenixgirard.myebanking.net/#/
226,www.phenix-girard.com/
227,www.mytrustmark.com/TrustmarkNationalBankOnline/Uux.aspx#/login
228,www.trustmark.com/
229,my.robertsonbanking.com/login
230,mortgage.southstatebank.com/
231,www.southstatebank.com/personal
232,www.communityspirit.bank/login
233,www.communityspirit.bank/
235,www.bankofvernon.bank/
236,my.bankofvernon.bank/login
237,my.bankofvernon.bank/forgot
238,www.bankofvernon.bank/about/contact-us
239,troybankandtrust.com/login
240,troybankandtrust.com/personal/
241,troybankandtrust.com/
242,olb.troybankandtrust.com/login/
243,www.bankffb.com/
245,www.bankffb.com/about/contact-us
247,www.telepc.net/bankffb/Login.aspx
248,www.cbwinfield.com/login
249,www.cbwinfield.com/
251,web4.ibtapps.com/olb-brw/Auth/EnterUsername?ReturnUrl=%2folb-brw%2fAccount%2fSummary%2f0
252,web4.ibtapps.com/olb-brw/Auth/EnterUsername
253,bankofbrewton.com/online-banking/
254,www.citizensbanktrust.com/
255,www.fcbca.com/
256,www.fcbca.com/mobile-banking.php
257,www.wellsfargo.com/auth/login
258,www.wellsfargo.com/
259,connect.secure.wellsfargo.com/auth/login/present?origin=cob&error=yes
260,www.bankofwalkercounty.bank/Digital-Banking/Online-Banking
261,www.bankofwalkercounty.bank/
262,www.bankofwalkercounty.bank/Digital-Banking/Mobile-Banking-Deposit
264,olb.bankofwalkercounty.com/login/
265,unionstate.unifi-digitalbanking.com/login
266,www.unitedbank.com/
267,unitedbank.cbzsecure.com/auth
268,olb.traditionsal.com/login/
269,olb.traditionsal.com/login.aspx
270,olb.traditionsal.com/
271,www.peoplestrustbk.com/portals/peoplestrustbank/Skins/peoplestrustskin/LoginOLB/LoginOLB.html
272,olb.peoplestrustbk.com/login/
273,www.peoplestrustbk.com/
275,hometownbankal.com/connected/online/
276,loanapplication.hometownbankal.com/s/
277,hometownbankal.com/crossing-the-finish-line/
278,www.olb-ebanking.com/062006534/login/
279,southpoint.bank/business-online-banking-login/
280,www.noblebank.com/login
281,web13.secureinternetbank.com/PBI_PBI1151/Login/062106573/1
282,www.southernindependentbank.com/
283,www.servisfirstbank.com/
284,secure.servisfirstbank.com/login
285,www.servisfirstbank.com/FAQ
286,secure.servisfirstbank.com/enroll
287,www.investarbank.com/
288,www.investarbank.com/#
289,olb.investarbank.com/login/
292,olb.investarbank.com/
293,southernstatesbank.net/login
294,accounts.southernstatesbank.net/login?_gl=1*1qz4n5x*_ga*NDQwNjA2ODU1LjE3NDM0ODY2OTE.*_ga_H2D05PPQB3*MTc0MzQ4NjY5MC4xLjEuMTc0MzQ4NjY5My4wLjAuMA..
295,accounts.southernstatesbank.net/login
296,southernstatesbank.net/personal-checking/
297,southernstatesbank.net/business-checking/
298,firstcahawba.com/login
299,www.olb-ebanking.com/062206648/login/
300,mailsafe.firstcahawba.com/tpl/Door/Login
301,mailsafe.firstcahawba.com/php/login_issues.php
302,www.smartbank.com/login
303,www.smartbank.com/
304,apply.smartbank.com/
306,onlinebanking.smartbank.net/login/
307,www.metrocitybank.bank/
308,metrocitybank.estatusconnect.com/User/Login
309,xpress.usremotedeposit.com/ct/?bid=109099098
310,www.bankplus.net/
312,www.bankplus.net/personal/bank/products/checking
313,www.bankplus.net/personal/bank/services/online-mobile-banking
314,riverbankandtrust.com/
316,paycheckprotection.riverbankandtrust.com/login
317,riverbankandtrust.com/personal/loans/
318,www.jpmorganchase.com/
319,www.jpmorganchase.com/legal
320,alumni.jpmorganchase.com/network
321,www.jpmorganchase.com/institute/all-topics/community-development/report-profiles-of-local-commerce
322,www.commerceonebank.com/login
323,go.commerceonebank.com/login?returnUrl=%2Fa%2Fconsumer%2Fapi%2Fv0%2Foidc%2Fauth%2F60NaRBah0k5neuyh8-V1y&prompt=login
324,go.commerceonebank.com/login
325,www.commerceonebank.com/commercial-banking/
326,www.commerceonebank.com/resources/online-services/
327,www.centralstatebank.com/
328,www.pnc.com/en/personal-banking.html
329,ctbconnect.com/
330,www.statebank.net/login
331,olb.statebank.net/login/
333,olb.statebank.net/
334,www.statebank.net/personal/checking/
335,go.bankfirstfs.com/login
336,www.bankfirstfs.com/
338,www.bankfirstfs.com/about/press-releases
339,www.bankfirstfs.com/sycamore-bank-merger
340,www.bankofmoundville.com/
341,security.firsthorizon.com/fhnsso/clogin.do
342,www.firsthorizon.com/
343,www.firsthorizon.com/Personal/Login
344,mfaservices.cconnect.com/mfaservices/TSULogin.jsp?APPNAME=2&CLIENT=1&SAMUser=Y&TYPE=33554433&REALMOID=06-00098d53-0e5f-1f7a-8e56-0a3fac120000&GUID=&SMAUTHREASON=0&METHOD=GET&SMAGENTNAME=L0UqOSWCYApjFuDoLKQDEzLT4MVv0WUAdxJQhVosrdpzWZqRDavpJfPFYXqNMq8w&TARGET=$SM$https%3a%2f%2ffirsthorizon%2ecconnect%2ecom%2f%3f
346,firsthorizon.yourmortgageonline.com/?
347,streetscape.envestnet.com/secure/app.jsp?
349,wealth.emaplan.com/ema/SignIn?ema%2Ffirsthorizonadvisors
350,www.visaprepaidprocessing.com/FHB/PayCard/Home/Index?
351,www.firsthorizon.com/Corporate/Login
352,oakworth.com/
353,www.firstbankonline.com/login
354,personal.firstbankonline.com/login
355,www.firstbankonline.com/manufactured-homes/payments-customer-service/
356,personal.firstbankonline.com/forgot
357,www.mylocal.bank/login
358,accounts.mylocal.bank/login
359,accounts.mylocal.bank/forgot/
360,accounts.mylocal.bank/login?_gl=1*iozo7y*_gcl_au*ODcxMzgzMjUwLjE3NDM0ODczNzY.*_ga*MTA5Mjc0NDY0MC4xNzQzNDg3Mzc2*_ga_Z11K7TYMEK*MTc0MzQ4NzM3Ni4xLjEuMTc0MzQ4NzM3OC4wLjAuMA..
361,personal.synovus.com/#pre-auth/login
362,www.synovus.com/
363,communitybank.net/login
364,www.netteller.com/login2008/Authentication/Views/Login.aspx?returnUrl=%2fcommunitybank
365,communitybank.net/
366,secure-firstbankak.com/SignOn/Logon?Mode=EXTERNALPOST&errorId=InvalidSignOnIdOrPassword
367,secure-firstbankak.com/SignOn/Logon?mode=ExternalPost
368,www.firstbankak.com/
369,secure-firstbankak.com/SignOn/Logon
370,www.sweetwaterstbk.com/
371,www.sweetwaterstbk.com/personal/mobile-banking
372,my.sweetwaterstbk.com/forgot
373,www.sweetwaterstbk.com/connect/about-us
374,www.pnfp.com/learning-center/personal-finance/managing-your-money/insuring-your-deposits-sample-account-scenarios/
375,www.key.com/login
376,www.denalistatebank.com/
377,www.netteller.com/login2008/Authentication/Views/Login.aspx?returnUrl=%2fdenalistatebank
378,www.denalistatebank.com/services-tools/account-services
379,start.denalistatebank.com/
380,www.denalistatebank.com/loans-credit/personal-loans/kasasa-loans.html
381,www.firstinterstatebank.com/.well-known/change-password
382,www.firstinterstatebank.com/
383,www.firstinterstatebank.com/business/solutions/business-sweep-account.php
384,www.stearnsbank.com/about/customer-stories/the-baby-connection-california
385,www.stearnsbank.com/
386,www.valley.com/sign-in
387,www.valley.com/personal/personal-sign-in?ajs_aid=41401f74-4133-44ef-93ec-b2c9ae917758&amp_device_id=aa58d1bc-069e-4d25-ae49-ae1e6417995b
388,www.valley.com/
389,www.valley.com/customer-care/personal-online-banking/account-alerts-notifications
390,www.northrim.com/login
391,www.northrim.com/
393,www.northrim.com/home/contact/online
394,www.northrim.com/home/personal
395,www.gatewayfirst.com/
396,www.truist.com/signin
397,bank.truist.com/
398,www.truist.com/
399,bank.truist.com/web
401,dias.bank.truist.com/ui/login?reasonCode=001
402,www.fnbalaska.com/
403,securebusinessbanking.fnbalaska.com/EBC_EBC1151/Login/125200060
404,securepersonalbanking.fnbalaska.com/PBI_PBI1151/Login/125200060/1
405,www.fnbalaska.com/personal/money-market-deposit-accounts/
406,www.bmo.com/login
407,www.bankofcolorado.com/
408,www.bankofcolorado.com/personal-borrowing/mortgage-loans
409,www.bankofcolorado.com/personal-banking/online-banking
411,www.bankofcolorado.com/personal-banking/checking
412,www.parkwaybank.com/
413,www.fibt.com/sign-in
414,www.fibt.com/sign-in/
415,bell.bank/
416,www.bootheelbank.com/
417,www.efirstbank.com/
418,www.efirstbank.com/internet-banking/log-in-sign-up.htm
419,www.efirstbank.com/internet-banking/login-options.htm
421,www.efirstbank.com/centralAuth/jsp/main/Logon.faces
423,360control.firstdata.com/UI/login/views/login.html#/Login
424,www.efirstbank.com/centralAuthICM/jsp/main/Logon.faces
425,www.bryantbank.com/login
426,www.bryantbank.com/
427,digital.bryantbank.com/login
428,www.netteller.com/login2008/Authentication/Views/Login.aspx?returnUrl=%2fbryantbank
430,smartpay.profitstars.com/auth/Account/Login?ReturnUrl=%2Fauth%2Fconnect%2Fauthorize%2Fcallback%3Fclient_id%3DSmartPayBusiness%26redirect_uri%3Dhttps%253A%252F%252Fsmartpay.profitstars.com%252Fbusiness%252F%26response_type%3Dcode%2520id_token%26scope%3Dopenid%2520offline_access%2520epsidentity%2520epsaccess%26state%3DOpenIdConnect.AuthenticationProperties%253DVKT1fhGZQFPQNlhF0saxWyAlWopwWCdCiQhwJZGllJjVaTa-MfqiLIGTm8z7PssEqvxEYoYQvEWnyKrCUPNH3eV40bcluxkuCBMeLlGxTZnJWaaafo9IlctWB9GINhTMHpnuAyEtWuwe0fpsh121mAgV6N6jE7sAhFfa75M5JrCzB_QjV51H0quU6UBL-8Z5LZHpJloVWFhNPjha-Mo5jMAecXK6rqnZ4H31TQu-6wb6xDukCTkwgQ_fWSLSArMau8oaUtsaV3Svk5ayvVz6Fg%26response_mode%3Dform_post%26nonce%3D638790834518312579.MmFlMGQ1OTYtMmU2Yy00ZDI1LTg5YTgtMDhiMDFkNzRkMDBmZTgwYWM0YWUtM2IxMi00YWY5LTk4ODgtMDIwNWU5MTZhNzBm%26code_challenge%3DMucKI6p5v1E8ngDeCvnhzPwQo4UdRiUjIpgJJMQae0I%26code_challenge_method%3DS256%26acr_values%3DappId%253A1%2520brandId%253Abryant%26x-client-SKU%3DID_NET461%26x-client-ver%3D5.3.0.0
431,smartpay.profitstars.com/auth/Account/Login
432,portal.zionsbancorporation.com/s/login/
433,login.firstcitizens.com/app/bookmark/0oascfrw9hSu4Kl7A357/login
434,firstcitizens.wealthaccess.com/Account/Login
435,digitalbanking.firstcitizens.com/FCBTCOnline/uux.aspx?_gl=1*tpt0mq*_ga*ODMwMDY5OTgwLjE3NDM0ODc3NDI.*_ga_ZLJSNLKT9D*MTc0MzQ4Nzc0MS4xLjAuMTc0MzQ4Nzc0MS42MC4wLjA.*_ga_GHPE53GVHX*MTc0MzQ4Nzc4Ny4xLjAuMTc0MzQ4Nzc4Ny42MC4wLjA.#/login
436,www.firstcitizens.com/
437,connect.insighttreasury.com/insighttreasury/login
438,www.glacierbank.com/
439,www.glacierbank.com/personal/banking/checking
440,connect.glacierbank.com/login
441,www.glacierbank.com/resource-center
442,lockbox.ppbi.com/
443,unisonbank.com/login
444,unisonbank.com/
445,unisonbank.com/personal-checking/
446,unisonbank.com/rates/
447,www.usaa.com/my/logon?logoffjump=true&wa_ref=pub_global_log_on
448,www.swhbank.com/
449,www.gulfbank.com/user/login
450,www.gulfbank.com/
451,digital.gulfbank.com/GCBTCOnline/uux.aspx#/login
452,login.1stnb.com/
453,statements.1stnb.com/login.jsp
454,statements.1stnb.com/
455,exba.com/account/login
456,exba.com/sitemap/
457,www.linkedin.com/company/exchange-bank-of-al
458,www.linkedin.com/signup?session_redirect=https%3A%2F%2Fwww%2Elinkedin%2Ecom%2Fcompany%2Fexchange-bank-of-al&trk=organization_guest_contextual-sign-in-modal_join-link
459,exba.com/exchange-bank-our-story/
460,workforcenow.adp.com/mascsr/default/mdf/recruitment/recruitment.html?cid=837b3c13-82d1-4acc-bfb9-a480be89e568&ccId=19000101_000001&type=JS&lang=en_US&selectedMenuKey=SignIn
461,accounts.google.com/v3/signin/identifier?continue=www.youtube.com/signin?action_handle_signin%3Dtrue%26app%3Ddesktop%26hl%3Den%26next%3Dhttps%253A%252F%252Fwww.youtube.com%252F%2540ExchangeBankOfAL&dsh=S-333937538:1743488270665553&ec=65620&flowEntry=ServiceLogin&flowName=WebLiteSignIn&hl=en&ifkv=AXH0vVtCq7i6OkC4uYFMzeuTSJr2RGFBm2n27YMGZ58UvR93DhWFerslBwNpYLXlKLHDMAM43uun4w&service=youtube
462,accounts.google.com/v3/signin/identifier?continue=https%3A%2F%2Fwww.youtube.com%2Fsignin%3Faction_handle_signin%3Dtrue%26app%3Ddesktop%26hl%3Den%26next%3Dhttps%253A%252F%252Fwww.youtube.com%252F%2540ExchangeBankOfAL&ec=65620&hl=en&ifkv=AXH0vVtCq7i6OkC4uYFMzeuTSJr2RGFBm2n27YMGZ58UvR93DhWFerslBwNpYLXlKLHDMAM43uun4w&passive=true&service=youtube&uilel=3&flowName=WebLiteSignIn&flowEntry=ServiceLogin&dsh=S-333937538%3A1743488270665553
463,exba.com/business/commercial-switch-kit/
464,exba.com/loans/business-loans-in-gadsden-al/
465,exba.com/online-security/
466,exba.com/personal/personal-savings-investment-in-gadsden-al/
467,exba.com/protect-yourself-from-fraud/
468,exba.com/business/business-checking-in-gadsden-al/
469,www.instagram.com/accounts/login/?next=https%3A%2F%2Fwww.instagram.com%2Fexchangebankofal%2F&is_from_rle
470,www.facebook.com/login/device-based/regular/login/?login_attempt=1&next=https%3A%2F%2Fwww.facebook.com%2Fexchangebankofalabama
471,www.facebook.com/login/device-based/regular/login/?login_attempt=1&next=https%3A%2F%2Fwww.facebook.com%2Fexchangebankofalabama&lwv=100
472,exba.com/exchange-mortgage/
473,exba.com/
474,www.flagstar.com/login
475,apply.flagstar.com/
476,lockbox.flagstar.com/
477,corporate-connect.flagstar.com/corporate/
478,www.enterprisebank.com/user/login
479,www.enterprisebank.com/
481,www.enterprisebank.com/business
483,ebt.my.site.com/CustomerPortal/s/login/?ec=302&startURL=%2FCustomerPortal%2Fs%2F
484,www.myfirstib.com/dbank/live/app/login/consumer
485,www.firstib.com/
486,www.bokfinancial.com/
487,onlinebanking.bokfinancial.com/login/loginsubmit?_gl=1*u7vacp*_gcl_au*MTY0NDkyOTM0Mi4xNzQzNDg4NzE3*_ga*MjA2MTMzNjk3MC4xNzQzNDg4NzE3*_ga_DD8T3YDREB*MTc0MzQ4ODcxNi4xLjEuMTc0MzQ4ODcyNC4wLjAuMTE0NDAzODg1NQ..
488,onlinebanking.bokfinancial.com/Login/SubmitLogin
489,login.alerus.com/
490,merslogin.alerus.com/
491,bankingaccess.alerus.com/Home.aspx
492,www.cbtno.com/
493,verify.cbtno.com/
494,www.cbtno.com/about-us/
495,wap.cbtno.com/OTPNoLogin/
496,www.wafdbank.com/
497,www.wafdbank.com/personal-banking/account-fees
498,www.academybank.com/sign-in
499,www.academybank.com/refer-friends-and-earn-cash
500,secure.academybank.com/academybank/uux.aspx#/login/split-login-password-entry
501,www.academybank.com/
502,www.academybank.com/personal/banking-with-us/mobile-and-online-banking
503,myhomeloan.academybank.com/
504,www.academybank.com/user-management-video
505,www.bankofamerica.com/login
506,secure.bankofamerica.com/login/sign-in/signOnV2Screen.go?msg=InvalidCredentialsExceptionV2&request_locale=en_us&lpOlbResetErrorCounter=0
507,www.bankofamerica.com/
508,m.1stbankyuma.com/Login
509,secure.1stbankyuma.com/Login
510,www.1stbankyuma.com/personal-checking
511,myfw.com/careers/
512,secure.myfw.com/
513,myfw.com/locations/northern-colorado/
514,cibng.ibanking-services.com/eAM/Credential/Index?FIORG=076&orgId=076_122487459&FIFID=122487459&brand=076_122487459&appId=ceb
515,www.tradition.bank/login
516,www.tradition.bank/business/
517,www.tradition.bank/
518,web15.secureinternetbank.com/PBI_PBI1151/Login/091017471/1
519,web15.secureinternetbank.com/EBC_EBC1151/Login/091017471/65
520,www.wvnb.net/login
521,secure.wvnb.net/login
522,www.sunflowerbank.com/
523,www.republicbankaz.com/login
524,republicbankaz.myebanking.net/#/login
525,www.republicbankaz.com/
526,touchpointbkr.republicbankaz.com/login
527,my.bnc.bank/login
528,my.bnc.bank/
529,www.bnc.bank/personal-overview
530,my.bnc.bank/login?_gl=1*9uq77c*_gcl_au*MTM4MzAyOTY3OS4xNzQzNDg4ODY5*_ga*OTkwNjg4MzM3LjE3NDM0ODg4Njk.*_ga_09G52Z76X9*MTc0MzQ4ODg2OS4xLjEuMTc0MzQ4ODk1MC42MC4wLjcwODEzOTA4MQ..
531,www.bnc.bank/
532,www.netteller.com/login2008/Authentication/Views/Login.aspx?returnUrl=%2Fbismarck
533,www.westernalliancebancorporation.com/
534,www.crossfirstbank.com/technology/security/account-protection
535,secure.crossfirstbank.com/crossfirstdigitalbanking/uux.aspx#/login
536,www.crossfirstbank.com/
538,www.crossfirstbank.com/next-level
539,careers.crossfirstbank.com/auth
540,gcbaz.com/
541,secure.gcbaz.com/login?returnUrl=%2F%3F_gl%3D1*1nk2ktp*_gcl_au*MTI3MTAyNTg2LjE3NDM0ODk2NDA.*_ga*MjEzMjY4NDA1LjE3NDM0ODk2NDI.*_ga_L6CZ8CEFMT*MTc0MzQ4OTY0MS4xLjEuMTc0MzQ4OTY0Ny4wLjAuMA..
542,www.zenithprivate.com/login
543,myaccounts.meadowsbank.bank/login
544,www.meadowsbank.bank/#
545,web4.secureinternetbank.com/PBI_PBI1151/Login/043311497/1
546,www.nextierbank.com/
547,www.scottsdalecommunitybank.com/
548,www.scottsdalecommunitybank.com/personal/accounts/checking
549,www.scottsdalecommunitybank.com/about-us/connect/contact-us
550,www.scottsdalecommunitybank.com/personal/accounts/savings
551,www.finemarkbank.com/
552,www.midfirst.com/log-out-successful?FIORG=731&orgId=731_303087995&FIFID=303087995&brand=731_303087995&appId=ceb&eventCode=eam_100006
553,www.midfirst.com/ImagesPlusSecureLogin/VisionArchive/Login.aspx
554,imanage.ebanking-services.com/Eam/Ooba/Index
555,www.midfirst.com/log-out-successful
556,www.midfirst.com/
557,myaccount.iconnect2invest.com/bankr/login.do
558,myaccount.iconnect2invest.com/bankr/login.do?webcontext=midfirst
559,www.ezbusinesscardmanagement.com/
560,www.fislbxcentral.com/lms/Home?aspxerrorpath=/lms/
561,idp.consumercardaccess.com/main/midfirstbank/Home?language=en
562,www.ezcardinfo.com/?B=MFB
563,www.ezcardinfo.com/
564,mfaservices.cconnect.com/mfaservices/TSULogin.jsp?APPNAME=2&CLIENT=1&SAMUser=Y&TYPE=33554433&REALMOID=06-0005b637-9593-148b-872a-0a3fac12902c&GUID=&SMAUTHREASON=0&METHOD=POST&SMAGENTNAME=ZQensiSApA5zELw8Fb3fV0fVm49Um34IJWX0lC246pvouGyOi6BBeJQmKlj3562W&TARGET=$SM$https%3a%2f%2fmidfirst%2ecconnect%2ecom%2f
565,www.midfirst.com/SecureLogin/RemoteDeposit/Login.aspx
566,www.umb.com/user/login
567,www.umb.com/online-banking
568,www.umb.com/umb-direct-login
569,www.umb.com/institutional-banking/oneumb-login
570,login.ntrs.com/
571,www.citywidebanks.com/user/login
572,www.citywidebanks.com/contact
573,www.citywidebanks.com/personal-banking/credit-card
574,www.citywidebanks.com/personal-banking/digital-wallet
575,www.citywidebanks.com/personal-banking/checking-accounts/platinum-checking
576,www.citywidebanks.com/
577,www.westernbanks.com/personal/digital-banking/
578,www.westernbanks.com/locations/fargo/
579,www.westernbanks.com/locations/devils-lake/
580,webbanking.comerica.com/Comerica/login.aspx
581,www.comerica.com/
582,www.horatiostatebank.com/
583,bankofcavecity.com/user/login
584,bankofcavecity.com/
585,my.bankofcavecity.com/login
586,www.fbtbank.com/login
587,fbtbank.myebanking.net/#/
588,www.fbtbank.com/
589,www.wilmingtontrust.com/library/author
590,mcgeheebank.com/login
591,mcgeheebank.shazambanking.net/eai/lrr?TAM_OP=login&ERROR_CODE=0x132120c8&URL=%2Fpkmslogin.form&AUTHNLEVEL=
592,mcgeheebank.shazambanking.net/eai/lrr?TAM_OP=login&ERROR_CODE=0x00000000&URL=https%3A%2F%2Fmcgeheebank.shazambanking.net%2F&AUTHNLEVEL=
593,unicobank.com/login
594,web10.secureinternetbank.com/PBI_PBI1151/Login/081910436
595,www.bksalem.net/login
596,www.bksalem.net/
597,online.bksalem.net/login/
599,www.bksalem.net/portals/banksalem/skins/BankSalem/onlinebanking/login.html
600,www.ozk.com/personal/
602,www.ozk.com/mobile-online-banking/
603,www.ozk.com/business/
604,www.fbtbly.com/accounts
605,www.fbtbly.com/
606,web13.secureinternetbank.com/PBI_PBI1151/Login/084101051/1
608,www.fbtbly.com/Locations
609,www.fbtbly.com/personal-banking/personal-checking/now-checking-account
610,www.fbtbly.com/education-center/frequently-asked-questions/are-checking-accounts-fdic-insured
611,my.fnbizardcounty.com/login
612,www.fnbizardcounty.com/
614,my.fnbizardcounty.com/forgot
615,my.fnbizardcounty.com/enroll
616,fnbc.us/login
617,web9.secureinternetbank.com/ebc_ebc1151/Login/082904991/26
618,www.pbmag.com/login
619,www.pbmag.com/
620,www.getevolved.com/
621,my.getevolved.com/login
624,www.getevolved.com/personal/
625,digitalbanking.firstamtrust.com/ui
626,www.firstamtrust.com/
627,secure.gofarmersbank.com/login
629,secure.gofarmersbank.com/forgot/
630,www.gofarmersbank.com/loans-credit/credit-cards
631,www.fsbmybank.com/home/home
632,www.fsbmybank.com/dbank/live/app/login/consumer
634,www.fsbmybank.com/tob/live/usp-core/app/login/consumer
635,www.fsbmybank.com/home/about-fsb/hours-and-locations
636,my.firstwestern.com/login
637,www.firstwestern.com/personal/online-and-mobile
638,my.firstwestern.com/forgot
639,my.gounion.bank/login
640,www.gounion.bank/
641,my.gounion.bank/forgot
644,my.diamond.bank/login
645,www.diamond.bank/
648,my.diamond.bank/forgot
649,mnbbank.com/login
650,online.mnbbank.com/login/
651,online.mnbbank.com/
653,web4.secureinternetbank.com/PBI_PBI1151/Login/081517732/1
654,www.focusbank.com/
655,www.focusbank.com/personal/personal-checking/all-accounts.html
656,www.focusbank.com/about/locations-hours.html
657,www.focusbank.com/services/tools
658,www.olb-ebanking.com/082902003/login/
659,www.firststatebk.com/eBanking/Online-Banking
660,www.firststatebk.com/portals/firststatebankar/Skins/FSBAR/LoginOLB/LoginOLB.html
661,www.firststatebk.com/Services/Certificates-of-Deposit
662,gofm.bank/login
663,gofm.bank/
664,gofm.bank/personal/
665,gofm.bank/business/
666,gofm.bank/personal/convenient-services/
667,smartpay.profitstars.com/auth/Account/Login?ReturnUrl=%2Fauth%2Fconnect%2Fauthorize%2Fcallback%3Fclient_id%3DSmartPayBusiness%26redirect_uri%3Dhttps%253A%252F%252Fsmartpay.profitstars.com%252Fbusiness%252F%26response_type%3Dcode%2520id_token%26scope%3Dopenid%2520offline_access%2520epsidentity%2520epsaccess%26state%3DOpenIdConnect.AuthenticationProperties%253DAk5WDxKN5HprLPOHIlUyVTrnyHHlpACEwY71W5ReE0xgLe7Oq02jHTy8ItexJi42yHw1YvwiF4YQmy52uXgjF8A1q3VAsrnVOacUP4Wo0wCkKAIdwmL5xrU3rURzx7hMRLe7V-aDMGH7X7b5a9IbedVg9Wq8izoC5GLVgmZkBjaaFagU_1C1cQupaHO71eH0yBx0c_9zVT7_eWjS132wNK-nGmN2R1ki1ncYgLTkf4sDSvRzYBpIRejBUdXb3P4k0ii9d0FjuJBEAhAB1gasOQ%26response_mode%3Dform_post%26nonce%3D638790876488294605.YWNjYTk1MDktNGQyNC00OWU4LTk3MGYtMDBmZjMwZTNlZjJjODBhY2ZjODMtYmEyZC00NDRkLThlYjYtMTcyZTM2YWMyOTI2%26code_challenge%3DzJV3R13mqquw7iUhVQ1J9IfJMXDstVXjJo13n8RS4zo%26code_challenge_method%3DS256%26acr_values%3DappId%253A1%2520brandId%253Afbtarkansas%26x-client-SKU%3DID_NET461%26x-client-ver%3D5.3.0.0
669,login2.fisglobal.com/idp/0736A/?ClientID=PALUI
670,www.netteller.com/login2008/Authentication/Views/Login.aspx?returnUrl=%2Ffbtmagnolia
671,myfarmers.mortgagewebcenter.com/Home/BrowserWarning
672,crm.iwpmts.com/v2/login?ref=/v2
673,smartpay.profitstars.com/express/FarmersBTCPP
674,smartpay.profitstars.com/express/FarmersBTCPP?returnUrl=https%3A%2F%2Fsmartpay.profitstars.com%3A443%2Fexpress%2FFarmersBTCPP%2FLookup%2F&locationId=411213
675,olb.myfarmers.bank/login
676,secure.southern.stiapp.com/Account/Login?ReturnUrl=%2Fconnect%2Fauthorize%2Fcallback%3Fresponse_type%3Dcode%26client_id%3Dsti-web-l%26state%3DMVI5TWROeTluMjFmbHNwMDJSSXRhYmdLSHJ1Y3dmLkZTVVk2MlVVT1ZuLWhy%26redirect_uri%3Dhttps%253A%252F%252Fdigital.southern.stiapp.com%252Flogin%26scope%3Dopenid%2520profile%2520email%2520sti_hostaccess_modify%2520sti_enrollments_modify%2520sti_usersettings_modify%26code_challenge%3D61wGlJa6e93hhSPeQQWy1GNehFl8GOjImIlzjulA1GQ%26code_challenge_method%3DS256%26nonce%3DMVI5TWROeTluMjFmbHNwMDJSSXRhYmdLSHJ1Y3dmLkZTVVk2MlVVT1ZuLWhy
677,banksouthern.com/
678,banksouthern.com/online-mobile-banking/
683,www.bankerstrust.com/
684,bankerstrust.iremitweb.com/
685,my.mandp.bank/login
686,www.mandp.bank/personal/ebanking-made-even-easier
687,www.mandp.bank/personal/e-statements
689,www.mandp.bank/
690,www.unionbnk.com/accounts
691,www.unionbnk.com/
692,olb.unionbnk.com/login/
693,www.unionbnk.com/portals/unionbanktrust/Skins/ValueTemplate1/LoginOLB/LoginOLB.html
695,www.bankoflakevillage.com/
696,web10.secureinternetbank.com/pbi_pbi1151/login/remote/082905987
697,web10.secureinternetbank.com/EBC_EBC1151/Login/082905987/6351
700,olb.firstar-bank.com/login/
701,www.cnbtxk.com/login
702,www.cnbtxk.com/
703,cnbtxk.myebanking.net/#/
704,www.myfm.bank/login
705,www.my100bank.com/login
706,online.my100bank.com/
707,www.my100bank.com/
708,online.my100bank.com/IB/bankonline
710,www.stonebank.com/login
711,my.stonebank.com/login
712,www.stonebank.com/
714,www.stonebank.com/login/
716,securebanking.fsnb.com/FSNBOnline/Uux.aspx#/login/split-login-password-entry
717,fsnb.com/
719,fsnb.com/online-banking
720,securebanking.fsnb.com/FSNBOnline/Uux.aspx
721,www.fsbdequeen.com/
722,www.fsbdequeen.com/products-and-services/online-and-mobile-banking
723,www.fsbdequeen.com/customer-education-center
725,www.netteller.com/login2008/Authentication/Views/Login.aspx?returnUrl=%2ffsbdequeen
726,www.fnsbank.com/login
727,olb.fnsbank.com/OLBWebMCG/Auth/EnterUsername
728,olb.fnsbank.com/OLBWebMCG/Auth/EnterUsername?ReturnUrl=%2fOLBWebMCG%2fAccount%2fSummary%2f0
729,www.olb-ebanking.com/082008923/login/
730,www.rely.bank/
732,www.fidelitybanker.com/
733,my.armstrong.bank/login
734,www.armstrong.bank/
736,my.armstrong.bank/forgot
737,my.armstrong.bank/payments/
738,www.armor.bank/login
739,www.armor.bank/
740,armor.bank/
741,armor.bank/e-banking/online-banking
742,armor.bank/personal/checking/
743,www.equitybank.com/login
744,www.equitybank.com/
745,secure.equitybank.com/equitybank/uux.aspx?_gl=1*pjcaxf*_ga*OTE1NzU5Nzg5LjE3NDM0OTExOTU.*_ga_VTB9ET4HMD*MTc0MzQ5MTE5NC4xLjEuMTc0MzQ5MTIyMC4zNC4wLjA.#/login
747,www.equitybank.com/personal/
748,statements.equitybank.com/login.jsp
749,www.ffb1.com/
750,www.ffb1.com/personal/technology-services/online-banking-bill-pay.html
751,my.united-bk.com/login
752,www.united-bk.com/
753,www.united-bk.com/manage/account-services/digital-banking.html
754,texanabank.com/login
755,gsbsecure.grandsavingsbank.com/login
757,grandsavingsbank.com/
758,grandsavingsbank.com/honored-for-years-of-service/
759,my.todaysbank.com/login
760,www.todaysbank.com/about/loan-officers
761,www.todaysbank.com/
762,olb.prioritybank.com/login/
763,www.prioritybank.com/
764,www.comcapbank.com/login
765,comcapbank.com/login
766,www.bankencore.com/profile
767,online.bankencore.com/bankencoreonlinebanking/uux.aspx#/login
768,www.bankencore.com/business
769,www.bankencore.com/location-finder
770,www.bankencore.com/encore-app/
771,www.bankwithsouthern.com/
772,www.bankwithsouthern.com/glia/custom_login.html
774,www.bankwithsouthern.com/online-and-mobile/mobile-banking/
775,www.bankwithsouthern.com/banking-tools/
776,www.currency.bank/login
777,www.currency.bank/
778,www.currency.bank/portals/currencybank/Skins/currency/Onlinebanking/loginOLB.html
779,www.currency.bank/Who-We-Are/Locations
780,www.1889.bank/online-banking.aspx
781,www.1889.bank/
782,www.1889.bank/Online-Banking-Disclosure
784,login.fnbfs.com/login
785,fnbfs.com/
787,www.fnbea.com/banking-online/bill-pay
788,go.fnbea.com/enroll
789,go.fnbea.com/forgot
790,www.fnbea.com/
791,www.eaglebank.com/login
792,www.fnbtb.com/login
793,my.firstnb.bank/login
794,www.firstnb.bank/
796,www.greatsouthernbank.com/
797,www.greatsouthernbank.com/personal/online-banking
798,www.greatsouthernbank.com/business/online-banking
799,www.netteller.com/login2008/Authentication/Views/Login.aspx?returnUrl=%2fgreatsouthernbank
800,www.greatsouthernbank.com/business
802,www.ameriprise.com/client-login?ref=team%7Cpenney-murray-associates
803,www.ameripriseadvisors.com/team/penney-murray-associates/
804,www.csbarkansas.com/login
805,www.chambers.bank/
806,bodcaw.bank/login
807,secure.bodcaw.stiapp.com/Account/Login?ReturnUrl=%2Fconnect%2Fauthorize%2Fcallback%3Fresponse_type%3Dcode%26client_id%3Dsti-web-l%26state%3DMl9ialJUUHlXUy5nTEZjWUplRDVlb2tfNGl4ck5UczVZMVNFM0xiWW5xMkx4%26redirect_uri%3Dhttps%253A%252F%252Fdigital.bodcaw.stiapp.com%252Flogin%26scope%3Dopenid%2520profile%2520email%2520sti_hostaccess_modify%2520sti_enrollments_modify%2520sti_usersettings_modify%26code_challenge%3DXtEECXRZbGiomgOpIyCXILqMAQKvZqgKEFi4s_2jNLk%26code_challenge_method%3DS256%26nonce%3DMl9ialJUUHlXUy5nTEZjWUplRDVlb2tfNGl4ck5UczVZMVNFM0xiWW5xMkx4
808,bodcaw.bank/online-banking/
809,www.piggottstatebank.com/accounts
810,www.piggottstatebank.com/
811,web13.secureinternetbank.com/PBI_PBI1151/Login/084106988/1
812,onlinebanking.smackoverbank.com/login.aspx
813,onlinebanking.smackoverbank.com/
814,onlinebanking.smackoverbank.com/login/
815,www.fnbank.net/
816,my.fnbank.net/login
817,www.fnbank.net/specials
819,www.fsbank.com/
820,www.fsbank.com/mobile-banking/
821,apply.fsbank.com/
822,firstservicebank.com/login
823,firstservicebank.com/
825,onlinebanking.1stservicebank.com/login/
826,www.peoplesbankar.com/login
827,online.peoplesbankar.com/login/
828,www.peoplesbankar.com/
830,www.peoplesbankar.com/ebanking/online-banking/
832,web15.secureinternetbank.com/ebc_ebc1151/Login/081519073
833,my.cs.bank/login
834,www.cs.bank/
836,www.cs.bank/home-mortgage
837,www.cs.bank/home-mortgage#
838,www.cs.bank/investments
839,connectbank.us/login
840,my.connectbank.us/login
842,my.connectbank.us/forgot/
843,ibank.warrenbanktrust.com/login
844,www.warrenbanktrust.com/calculator/mortgage-loan
846,www.warrenbanktrust.com/accounts/personal-accounts
847,ibank.warrenbanktrust.com/forgot
848,www.sunwestbank.com/
849,www.sunwestbank.com/#
850,lbwa.sunwestbank.com/
851,lbwa.sunwestbank.com/login.aspx
852,sunwest.olbanking.com/onlineMessenger
853,web17.secureinternetbank.com/PBI_PBI1151/Login/122228003
854,sunwest.olbanking.com/smallbusiness/auth
855,www.gatewaybank.bank/
856,bank.gatewaybank.bank/login
857,login.cbankandtrust.com/login
859,login.cbankandtrust.com/forgot
860,www.commercial-bank.net/login
861,www.commercial-bank.net/
862,www.commercial-bank.net/portals/commercialbanktrustcompany/skins/Commercial/onlinebanking/login.html
863,www.commercial-bank.net/Login
865,web11.secureinternetbank.com/PBI_PBI1151/Login/082903303/
866,web11.secureinternetbank.com/PBI_PBI1151/Login/082903303
867,www.mfbanknet.com/
868,www.mfbanknet.com/online-banking
869,my.oakstarbank.com/login
870,www.oakstarbank.com/
871,www.oakstarbank.com/branch-locations/nixa
873,online.bankoflittlerock.com/bankoflittlerockonline/UUX.aspx#/login
874,www.bankoflittlerock.com/
875,www.mygenerations.bank/login
876,www.mygenerations.bank/en-us/
877,www.mygenerations.bank/portals/firstbankar/skins/Generations/loginolb/login.html
882,www.riversidebanc.com/online-banking/
883,online.fmb.com/fmb/uux.aspx#/login
884,www.fmb.com/logins/login
885,www.bankofdelight.com/login
886,www.bankofdelight.com/online-services/online-banking/
887,www.bankofdelight.com/online-services/mobile-deposit-capture/
888,www.bankofdelight.com/services/atm/
889,www.bankofstockton.com/
890,www.bankofstockton.com/user/login
891,www.bankofstockton.com/internet_banking_login
892,bankofstockton.com/other_business_services
893,www.bankofstockton.com/personal
894,www.first.bank/Resources/Manage/Digital-Wallet
895,www.cassbank.com/login
896,depositorcontrol.com/login
897,fisprotects-ipplr4.fisglobal.com/pclittlerock/comp/#/
898,cassbank.ebanking-services.com/eAM/Credential/Index?appId=beb&brand=cassbank&ec=
899,www.ezcardinfo.com/?88004T=
900,www.ibscassbank.com/dbank/live/app/login/consumer
901,www.cassbank.com/services/
902,www.pjsb.com/
903,www.pjsb.com/index.php?page=mobile-banking
904,www.pjsb.com/index.php?page=privacy-policy
905,www.olb-ebanking.com/082908706/login/
907,www.pjsb.com/index.php?page=fraud-protection
908,www.pjsb.com/index.php?page=visa-debit-card
909,www.pjsb.com/index.php?page=loan-calculator
910,www.pjsb.com/index.php?page=mobile-check-deposits
911,www.pjsb.com/index.php?page=identity-theft
912,www.pjsb.com/index.php?page=officers
913,www.pjsb.com/index.php?page=history
914,www.pjsb.com/index.php?page=savings-made-simple
915,www.pjsb.com/index.php?page=loans
916,www.pjsb.com/#
917,www.pjsb.com/index.php?page=location-and-hours
918,www.pjsb.com/index.php?page=checking
919,www.pjsb.com/index.php?page=identity-theft-911f
920,www.pjsb.com/index.php?page=e-statements
921,www.pjsb.com/index.php?page=directors
922,www.umpquabank.com/#
923,online.umpquabank.com/umpquabankonline/Uux.aspx?_gl=1*1ca0q24*_ga*MTM0MTM2NzM5MC4xNzQzNDkyODEx*_ga_8SLPK70MMF*MTc0MzQ5MjgxMC4xLjEuMTc0MzQ5Mjg3OS42MC4wLjA.#/login/split-login-password-entry
924,www.intrustbank.com/disclosure/personal-accounts-fee-schedule
925,www.intrustbank.com/business/online-mobile-banking
926,my.intrustbank.com/login
927,www.intrustbank.com/personal/online-and-mobile-banking
928,www.intrustbank.com/
929,www.signature.bank/login
930,www.signature.bank/
931,signature.myebanking.net/#/
932,ezbanking.fmbonline.com/login
933,ezbanking.fmbonline.com/forgot
934,ezbanking.fmbonline.com/enroll
935,www.fmbonline.com/
936,login.simmonsbank.com/login
937,www.simmonsbank.com/
939,login.simmonsbank.com/forgot
941,rivercitybank.com/
942,rivercitybank.com/commercial-online-banking/
943,www.cathaybank.com/user/login
944,www.cathaybank.com/
945,fx.cathaybank.com/portal
946,www.cathaybank.com/business
947,digital.cathaybank.com/cathaybankonlinebanking/uux.aspx#/login
948,www.cathaybank.com/zh-hant
949,digital.cathaybank.com/cathaybankonlinebanking/uux.aspx#/login/split-login-password-entry
950,www.cathaybank.com/es
951,www.cathaybank.com/zh-hans
952,www.fremontbank.com/account/signin
953,www.fremontbank.com/
954,www.fremontbank.com/resource-center/insights-and-learnings/2020/checking-accounts-demystified-everything-you-need
955,www.mechanicsbank.com/
956,www.mechanicsbank.com/Personal/Manage
957,www.mechanicsbank.com/Resources/Resources-Tools/Help-Center/Business-Online-Mobile-Banking-Resources
958,myaccount.mechanicsbank.com/
959,www.smbcmanubank.com/privacy
960,www.smbcmanubank.com/about-us/leadership/takeshi-kitada
961,www.smbcmanubank.com/insights/information/frequently-asked-questions
962,web17.secureinternetbank.com/PBI_PBI1151/Login/121029672/1
963,www.bankorient.com/en-us/
965,www.bankorient.com/en-us/Home/lang/zh-hant
966,www.wallisbank.com/
967,www.bankbac.com/login
968,www.bankbac.com/
969,web17.secureinternetbank.com/EBC_EBC1151/Login/122234194
970,www.hcnbank.com/
971,web17.secureinternetbank.com/PBI_PBI1151/Login/122234194/
972,www.ctbcbankusa.com/Online-Banking
973,www.ctbcbankusa.com/Commercial-Banking
974,www.ctbcbankusa.com/Personal-Savings
975,www.ctbcbankusa.com/
976,montecito.bank/login
977,online.bankofguam.com/bankofguamonline_41/Uux.aspx#/login
978,bankofguam.com/find-a-branch
979,bankofguam.com/personal/spend/credit-cards
980,bankofguam.com/business
981,www.cbbank.com/banking/online-banking/
982,www.cbbank.com/banking/personal-online-banking/
983,www.cbbank.com/banking/
984,cibng.ibanking-services.com/eAM/Credential/Index?orgId=47T_122235902&FIFID=122235902&brand=47T_122235902&appId=CeB&FIORG=47T
985,www.calpacificbank.com/
986,my.calpacificbank.com/login
987,my.calpacificbank.com/forgot
988,my.calpacificbank.com/enroll
989,www.communitywestbank.com/privacy/identity-protection
990,www.communitywestbank.com/
991,www.communitywestbank.com/personal-banking/personal-services/online-mobile-banking
992,www.communitywestbank.com/personal-banking/personal-services/online-mobile-banking/online-mobile-banking-faqs
993,www.cnb.com/login
994,cno.cnb.com/login/
996,cno.cnb.com/login/personal/logout/
997,cno.cnb.com/
998,www.cnb.com/personal-banking/accounts/checking.html
999,www.upbnet.com/Personal-Online-Banking.aspx
1000,www.upbnet.com/
1001,www.upbnet.com/Enhanced.aspx
1003,web17.secureinternetbank.com/EBC_EBC1151/Login/122039179/84
1004,cibng.ibanking-services.com/eAM/Credential/Index?orgId=10X_122039344&FIFID=122039344&brand=10X_122039344&appId=CeB&FIORG=10X
1005,citrix.mnbsf.com/logon/LogonPoint/index.html
1006,olb.summitbank.bank/login2008/Authentication/Views/Login.aspx?returnUrl=%2F
1007,newomnibank.com/
1008,bankofwhittier.com/online-banking.php
1009,bankofwhittier.com/
1010,www.bankofwhittier.com/online-banking.php
1011,www.bankofwhittier.com/contactus.php
1012,www.bankofwhittier.com/mobile-banking-app.php
1013,my.bankofthesierra.com/login
1014,my.bankofthesierra.com/forgot
1015,www.bankofthesierra.com/
1016,www.hanmi.com/
1017,secure.hanmi.com/hanmibankonline/uux.aspx?_gl=1*15z94jb*_gcl_au*MjgxNzg1NTY0LjE3NDM0OTM3ODM.*_ga*MTM4MzY4NTYyMi4xNzQzNDkzNzg0*_ga_745MTJXSQS*MTc0MzQ5Mzc4My4xLjEuMTc0MzQ5MzgyNS4xOC4wLjA.#/login
1019,www.hanmi.com/ko/
1020,www.hanmi.com/personal/home-mortgage-loans/
1021,www.wooriamericabank.com/
1022,web8.secureinternetbank.com/EBC_EBC1151/Login/026007443/12
1023,olb.wooriamericabank.com/banking/
1024,www.wooriamericabank.com/Business-Online-Banking
1025,www.wooriamericabank.com/Remittance
1026,www.icbc-us.com/
1027,www.icbc-us.com/en/page/721852526252294170.html
1028,www.icbc-us.com/en/column/1438059015178698753.html
1029,www.icbc-us.com/en/column/1438058394388152456.html
1030,www.met.bank/login
1031,www.met.bank/
1033,www.olb-ebanking.com/121141343/login/
1034,www.plumasbank.com/login
1035,www.plumasbank.com/
1036,www.hab.bank/
1038,www.hab.bank/personal-banking
1039,www.hab.bank/personal-banking/deposit/checking
1040,secure.goldenbank-na.com/login
1041,www.goldenbank-na.com/
1042,silvergate.com/login
1043,www.c3bank.com/Online-Banking.aspx
1044,www.c3bank.com/Deposit-Customers.aspx
1045,www.c3bank.com/default.aspx
1046,www.hbc.bank/#
1047,secure2.ccombank.com/Login
1048,secure.ccombank.com/
1049,secure2.ccombank.com/Login/
1050,secure.tcbk.com/tcbkonlinebanking/uux.aspx?_gl=1*17we3wi*_gcl_au*MTQyMTUwMjkwMS4xNzQzNDkzNDA3*_ga*MTU3NzMyNDY1MC4xNzQzNDkzNDA3*_ga_PJNQQ3Z3DY*MTc0MzQ5MzQwNy4xLjEuMTc0MzQ5MzQxMS41Ni4wLjA.#/login
1051,www.tcbk.com/
1052,www.tcbk.com/login
1053,www.tcbk.com/personal/services/digital-banking/online-banking
1056,www.universalbank.com/login
1057,www.universalbank.com/#
1058,www.universalbank.com/Business/Business-Online-Banking-and-Bill-Pay
1059,www.universalbank.com/Resources/eStatements
1060,www.universalbank.com/Personal/Personal-Checking
1061,www.eldoradosavingsbank.com/
1062,www.eldoradosavingsbank.com/Privacy-Security/Privacy-Policy-CCPA
1064,www.eldoradosavingsbank.com/Electronic-Services/Internet-Banking
1065,mortgage.eldoradosavingsbank.com/app/login/partner/DWAN2642
1066,www.bannerbank.com/#
1067,www.bannerbank.com/
1068,www.bannerbank.com/financial-resources/account-resources
1070,www.bannerbank.com/personal
1071,www.bannerbank.com/home-loans
1072,www.unitedfidelity.com/login
1073,www.unitedfidelity.com/
1074,web15.secureinternetbank.com/PBI_PBI1151/Login/286371663/1
1076,www.unitedfidelity.com/home/access-anytime_login-2/
1077,www.unitedfidelity.com/ultimate-access-business-banking/
1078,www.unitedfidelity.com/portfolio-item/manage-your-card/
1079,www.easterninternationalbank.com/
1080,secure.sterlingbank.com/sterlingbankandtrust/uux.aspx#/login
1081,www.sterlingbank.com/
1083,www.sterlingbank.com/personal-banking
1084,ffsavings.com/login
1085,online.ffsavings.com/sign-in?returnUrl=%2F
1086,ffsavings.com/mobile-banking/
1087,ffsavings.com/bill-pay/
1088,ffsavings.com/performance-checking-account/
1089,secure.malagabank.com/Login
1090,www.malagabank.com/
1091,www.malagabank.com/Users/Account/LogOn
1093,m.malagabank.com/Login
1094,www.myprovident.com/security/IDentityTheft.asp
1095,www.myprovident.com/mobile/
1096,www.myprovident.com/
1097,www.homestreet.com/personal/banking/online-and-mobile-banking/online-banking
1098,www.homestreet.com/
1099,mortgageapp.homestreet.com/
1100,summitstatebank.com/login.php
1101,www.summitstatebank.com/
1102,www.lendingclub.com/auth/login
1103,banking.lendingclub.com/
1104,banking.lendingclub.com/dashboard
1105,web2.secureinternetbank.com/PBI_PBI1151/Login/321071161
1106,online.shbamerica.com/global.shinhan
1107,www.asianpacificbank.com/login
1108,onlinebanking.asianpacificbank.com/login/
1109,www.asianpacificbank.com/
1111,www.asianpacificbank.com/Disclosures/Online-Banking-Agreement-Disclosure
1112,www.bankofmarin.com/login
1113,www.bankofmarin.com/personal/
1114,www.bankofmarin.com/products-and-services/credit-cards/
1115,online.bankofmarin.com/bankofmarin/uux.aspx
1116,www.bankcbb.com/login
1117,www.bankcbb.com/
1118,preferredway.preferredbank.com/login
1119,www.preferredbank.com/
1121,www.preferredbank.com/personal/electronic-banking/online-banking
1123,www.swnbk.com/login
1124,www.swnbk.com/
1125,olb.swnbk.com/loginadv.aspx
1126,www.swnbk.com/portals/southwesternnationalbank/Skins/SWNB/Onlinebanking/login.html
1128,www.bealbank.com/bb/online-banking
1129,cibng.ibanking-services.com/eAM/Credential/Index?FIORG=467&orgId=467_311993330&FIFID=311993330&brand=467_311993330&appId=ceb
1130,www.bealbank.com/bbusa/online-banking
1131,www.evertrustbank.com/login
1132,www.evertrustbank.com/en-us/
1134,onlinebanking.evertrustbank.com/login.aspx
1135,www.evertrustbank.com/portals/evertrustbank/skins/evertrust/onlinebanking/login.html
1136,www.westamerica.com/login
1137,estatements.westamerica.com/login
1138,online.eastwestbank.com/
1139,www.eastwestbank.com/
1140,www.eastwestbank.com/en/login
1142,www.eastwestbank.com/en
1143,www.eastwestbank.com/es/login
1144,www.americanbb.bank/
1145,www.mynnb.com/online-security
1146,www.mynnb.com/banking/personal/personal-checking
1147,www.mynnb.com/about/about-us
1148,www.firsticbank.com/account
1149,web13.secureinternetbank.com/PBI_PBI1151/Login/061119794/1
1150,www.firsticbank.com/
1151,www.thatsmybank.com/
1152,ppp.thatsmybank.com/login
1153,secure.thatsmybank.com/thatsmybankonlinebanking/uux.aspx
1154,www.thatsmybank.com/about-us/contact-us.html
1155,www.capitalgroup.com/login
1156,www.usbank.com/login
1157,www.usbank.com/index.html
1158,onlinebanking.usbank.com/digital/servicing/account-dashboard
1159,www.access.usbank.com/
1160,www.usbank.com/financialiq/manage-your-household/buy-a-car/questions-to-ask-before-buying-a-car.html
1161,www.cityfirstbank.com/user/login
1162,www.cityfirstbank.com/#login_bx
1163,olb.cityfirstbank.com/login/
1164,olb.cityfirstbank.com/
1166,web10.secureinternetbank.com/PBI_PBI1151/Login/122243130
1167,my.missionbank.bank/login
1168,www.missionbank.bank/business/treasury-management-services
1169,my.missionbank.bank/forgot
1171,treasury.jackhenry.com/missionbank/login
1172,www.axosbank.com/
1173,web10.secureinternetbank.com/PBI_PBI1151/Login/122243062/1
1174,www.chinocommercialbank.com/
1175,www.americancontinentalbank.com/
1176,olb.americancontinentalbank.com/login/
1178,americancontinentalbank.com/Default.aspx
1179,www.olb-ebanking.com/122043602/login/
1180,www.mypcbbank.com/
1181,www.yourcbsm.com/login
1182,www.yourcbsm.com/
1183,www.avidbank.com/user/login
1184,www.avidbank.com/
1185,cbcal.com/
1187,cbcal.com/philosophy/
1188,cbcal.com/zelle/
1189,bank.cwbk.com/login
1190,www.cwbk.com/
1191,www.redwoodcapitalbank.com/user/login
1192,my.goldenstatebank.com/login
1193,www.goldenstatebank.com/
1195,my.goldenstatebank.com/forgot
1196,www.goldenstatebank.com/personal/banking/savings-and-deposit
1197,www.digitalbanking-excelbank.com/dbank/live/app/login/consumer
1198,www.excel.bank/
1199,lockbox.fivestarbank.com/
1200,www.fivestarbank.com/
1202,smartpay.profitstars.com/auth/Account/Login?ReturnUrl=%2Fauth%2Fconnect%2Fauthorize%2Fcallback%3Fclient_id%3DSmartPayBusiness%26redirect_uri%3Dhttps%253A%252F%252Fsmartpay.profitstars.com%252Fbusiness%252F%26response_type%3Dcode%2520id_token%26scope%3Dopenid%2520offline_access%2520epsidentity%2520epsaccess%26state%3DOpenIdConnect.AuthenticationProperties%253D4TbZn22WdvLzy9YrIvH3KFWUmC7xCY-vq6t8XjypiVS7sT1o0Vhz02v2MdsPJpkDJDVWLvdxXMe3OeHtApeCMmNfCwU00zLe1Nklt-1e1skuUdjjxjyFRHdyppnXX5B_CMMzwLvSzdKSYBlBMaWbj10tcmdTFh0lXplLIOWieaX0j6rQueobYXVNTcsdBeb1g9o72C8qiFcKUBWFz4tGlBZkZ6n2bwmQG4lKuqz5W7jDDjLBLnSeGuMhdLo9SyvFWEEhd_WMLuk2s0HfhLkkBQ%26response_mode%3Dform_post%26nonce%3D638182975597393478.NDRmNDFmZGUtNGFlMC00YzMyLWJlZDEtYWFhN2Y5YjQwY2RmMGRkNmZkNjEtZDQ4My00YjNiLTg1YzMtM2VlMzI0OThjNmVl%26code_challenge%3DIqjJ8FYOvVugA5sOKmBJCWtAT3VNEzia_inhynvfX4E%26code_challenge_method%3DS256%26acr_values%3DappId%253A1%2520brandId%253Afivestarbank%26x-client-SKU%3DID_NET461%26x-client-ver%3D5.3.0.0
1203,app.payclearly.com/
1204,fivestarbank.myapexcard.com/login
1205,web17.secureinternetbank.com/EBC_EBC1151/Login/121143833/63
1206,www.unitedbusinessbank.com/login
1207,www.unitedbusinessbank.com/
1209,www.unitedbusinessbank.com/custom/baycommercialbank_correct/obl-demo/demo/assets/demo/signon/login.html
1210,livebanking.unitedbusinessbank.com/auth/signin
1211,www.ffb.bank/login
1212,ffbbank.myebanking.net/#/login
1213,www.poppy.bank/
1214,digital.poppy.bank/poppybankonlinebanking/uux.aspx#/login
1216,www.poppy.bank/online-banking-info/
1217,www.poppy.bank/open-new-accounts/
1218,www.us.hsbc.com/online-banking/
1219,www.research.hsbc.com/ibcom/out/ibcom/internal/login
1220,www.us.hsbc.com/security
1221,www.myrvcb.com/portals/rivervalleycommunitybank/Skins/RiverValley_skin/LoginOLB/LoginOLB.html
1222,myrvcb.com/Personal/Accounts/IRA-Accounts
1223,www.myrvcbonline.com/dbank/live/app/login/consumer
1224,www.pacificalliancebank.com/
1225,www.goldenvalley.bank/
1226,www.usmetrobank.com/login
1227,web17.secureinternetbank.com/EBC_EBC1151/Login/122244427/6347
1228,www.usmetrobank.com/
1229,www.bankbsf.com/
1230,online.bankcornerstone.com/bankcornerstoneonlinebanking/uux.aspx#/login
1231,americanriviera.bank/
1232,americanriviera.bank/login
1233,americanriviera.bank/product/business-online-banking
1234,americanriviera.bank/knowledgebase-topic/701
1235,www.1stcapital.bank/
1236,web17.secureinternetbank.com/ebc_ebc1151/Login/122244663
1237,web17.secureinternetbank.com/PBI_PBI1151/Login/122244870/
1238,www.megabankusa.com/
1239,web17.secureinternetbank.com/EBC_EBC1151/Login/122244870
1240,www.yourcvb.com/login
1241,www.yourcvb.com/
1242,yourcvb.myebanking.net/#/
1243,www.firstpacbank.com/login
1244,www.telepc.net/firstpacbank/Login.aspx
1245,californiabankofcommerce.ebanking-services.com/eAM/Credential/Index?appId=beb&brand=californiabankofcommerce
1246,www.infinity.bank/
1247,www.infinity.bank/personal/banking-services/online-services/online-banking.html
1248,www.infinity.bank/personal/banking-services/online-services
1249,www.beneficialstatebank.com/login
1250,www.beneficialstatebank.com/personal-banking/auto-loans
1251,my.bankendeavor.com/login
1252,www.endeavor.bank/
1253,www.firstfoundationinc.com/news-insights/connecting-customers-and-keeping-them
1254,www.afnb.com/services/online-banking
1255,www.afnb.com/
1256,www.afnb.com/Includes/online-banking/index.html
1257,web10.secureinternetbank.com/PBI_PBI1151/Login/113024106/1
1259,www.mygenesisbank.com/
1260,www.beachcitiescb.com/
1261,www.bankirvine.com/login
1262,www.bankirvine.com/
1263,bankirvine.myebanking.net/#/
1264,www.citi.com/login
1265,www.citi.com/
1266,www.savingsbank.com/
1267,www.savingsbank.com/personal-online-banking.php
1268,www.savingsbank.com/locations.php
1269,www.savingsbank.com/mobile-banking.php
1270,www.royalbusinessbankusa.com/
1271,www.iconbusinessbank.com/
1272,my.iconbusinessbank.com/login
1274,www.iconbusinessbank.com/products--solutions/online-banking
1275,www.iconbusinessbank.com/resources/investor-information
1276,www.exchangebank.com/login
1277,onlinebanking.exchangebank.com/exchangebank/uux.aspx#/login
1278,www.exchangebank.com/
1279,www.exchangebank.com/login/
1281,www.exchangebank.com/trust-investment/
1282,www.legacybankca.com/about/cyber-security
1283,www.telepc.net/legacybankca/Login.aspx
1284,www.fsbbrushakron.com/
1285,my.fsbbrushakron.com/login
1286,www.fsbbrushakron.com/tarjetas-de-credito
1287,my.fsbbrushakron.com/
1288,www.colobank.com/login
1289,www.colobank.com/
1290,colobank.myebanking.net/#/
1291,mcclavebank.com/login
1292,mcclavebank.com/
1293,mcclavebank.onlineaurora.com/BankBin/Login
1294,mcclavebank.onlineaurora.com/BankBin/Login?TARGET=bnk92070&REASON=0&LOGIN_RESULT=U
1296,mcclavebank.com/online-banking/
1297,mcclavebank.com/security-center-fraud-protection/
1298,inbank.com/
1299,www.centralbank.net/mortgage-center/
1300,businessbanking.centralbank.net/rwd-web/logon/blink/centralbank
1301,maxmoney.centralbank.net/
1302,www.alamosastatebank.com/home/home
1303,www.alamosastatebank.com/home/online-banking
1304,www.alamosastatebank.com/home/online-banking/mobile-banking
1305,www.fnb.com/
1306,pbandt.bank/account/login
1307,pbandt.bank/
1308,pbandt.cbzsecure.com/auth
1310,pbandt.bank/personal/
1311,pbandt.bank/locations/salida/
1312,www.gunnisonbank.com/accounts
1313,www.telepc.net/gunnisonbank/Login.aspx
1314,web11.secureinternetbank.com/PBI_PBI1151/Login/102100138
1315,www.fnbtrinidad.com/mobile-ibank-login
1316,www.fnbtrinidad.com/personal-banking/checking
1317,www.fnbtrinidad.com/personal-banking/savings
1318,2secure.ufsdata.com/PBI_PBI1151/login/remote/081518058
1319,www.americanbankofmissouri.bank/
1320,2securecorp.ufsdata.com/EBC_EBC1151/Login/081518058
1321,www.pbofca.com/login
1322,www.pbofca.com/
1323,www.pbofca.com/about/
1324,www.pbofca.com/tutorials/securenow/
1325,web10.secureinternetbank.com/EBC_EBC1151/Login/122244773/107
1326,web9.secureinternetbank.com/PBI_PBI1151/Login/102104684/1
1327,www.yourfriendlybank.com/privacy-policy/
1328,accountview.lpl.com/web/login
1329,web15.secureinternetbank.com/EBC_EBC1151/Login/073901233/271
1330,mwo.accessasc.com/Account/Login?ReturnUrl=%2F
1331,mwo.accessasc.com/Account/Login?returnurl=%2F
1332,www.midwestone.bank/
1333,www.ezcardinfo.com/#/
1336,bankmvb.com/
1337,my.bankmvb.com/login
1339,bankmvb.com/checking-overdraft-services/
1340,www.yourfsb.com/login
1341,www.firstierbanks.com/
1342,web15.secureinternetbank.com/PBI_PBI1151/Login/104113880/
1343,ppnb.com/login
1344,my.ppnb.com/login/
1346,ppnb.com/command-personal-account/
1347,ppnb.com/locations/stetson-hills-branch/
1348,www.fnbcortez.com/login
1349,www.fnbcortez.com/
1350,secure.fnbcortez.com/login
1352,secure.fnbcortez.com/forgot
1353,theabcbank.com/login
1354,online.theabcbank.com/AmericanBankofCommerceOnline/uux.aspx?_gl=1*13enen5*_gcl_au*NDA5NzYwNjA1LjE3NDM0OTc4Njg.*_ga*MTM2MjIxMzM5My4xNzQzNDk3ODY4*_ga_DXPW17S6BB*MTc0MzQ5Nzg2OC4xLjEuMTc0MzQ5Nzg5Ni4wLjAuMA..#/login
1355,theabcbank.com/
1357,theabcbank.com/resources/online-mobile-banking/
1358,theabcbank.com/privacy-policy/
1359,www.nvbank.bank/
1360,my.nvbank.bank/login
1362,www.nvbank.bank/about-us/contact-us
1363,www.bankofestespark.com/login
1364,bankofestespark.myebanking.net/#/
1365,www.bankofestespark.com/
1366,csbcolorado.cbzsecure.com/auth
1367,www.csbcolorado.com/
1368,www.csbcolorado.com/member-login/
1369,www.csbcolorado.com/locations-hours/
1370,www.csbcolorado.com/blog/
1371,web11.secureinternetbank.com/ebc_ebc1151/Login/103001469/4
1372,rnbonline.com/login
1373,www.bbwest.com/account
1374,www.alpinebank.com/login
1375,www.alpinebank.com/
1377,online.alpinebank.com/login
1378,www.alpinebank.com/business/business-online-banking.html
1379,www.enbcolorado.com/login
1380,www.enbcolorado.com/
1381,www.fmsbank.com/login
1382,www.fmsbank.com/
1383,www.tbkbank.com/account
1384,www.tbkbank.com/frequently-asked-questions/
1385,myaccounts.grandvalleybank.com/login
1386,www.grandvalleybank.com/
1389,myaccounts.grandvalleybank.com/forgot
1390,wraystatebank.com/login
1391,wraystatebank.com/
1392,wraystatebank.com/about/locations-hours/
1393,wraystatebank.com/personal-banking/personal-checking/
1395,www.telepc.net/wraystatebank/Login.aspx
1396,www.cbtks.com/about-us
1397,www.cbtks.com/
1398,www.cbtks.com/ebanking
1400,yacenter.org/login
1401,yacenter.org/summer-camps/registration/
1402,secure.rgbank.bank/Login
1403,www.goldenbeltbank.com/home/home
1404,www.goldenbeltbank.com/dbank/live/app/login/consumer
1405,go.nativeamericanbank.com/login
1406,www.highcountrybank.net/login
1407,highcountrybank.myebanking.net/#/
1408,www.highcountrybank.net/
1409,smartpay.profitstars.com/auth/Account/Login?ReturnUrl=%2Fauth%2Fconnect%2Fauthorize%2Fcallback%3Fclient_id%3DSmartPayBusiness%26redirect_uri%3Dhttps%253A%252F%252Fsmartpay.profitstars.com%252Fbusiness%252F%26response_type%3Dcode%2520id_token%26scope%3Dopenid%2520offline_access%2520epsidentity%2520epsaccess%26state%3DOpenIdConnect.AuthenticationProperties%253DAvm8Fq6JsnUkjyvk7IL955op1V9mPPJa3De_vHaEqM6m27zd4KxvcoB_6QnKoDba_NVNJC4jM8skMuAmAoe8VmiSuAbNQE8ggR4hjLAlj-lEKZtfFKM1lWb7HxmQd55ltbS3HUaHy-_bXXyBjhLagTP2Mv8c7RWMiiuxA621AB6GFWJjZ8qGjYQCM-BlcxTGhcnoeDW5aOS7pOfNhH_BA3dtlXMJHLW9cytRp0NGVGQSyV8aGMg-uNWMdkrM-ZHvCw4WqPAoHt1X5ep7pLGk6Q%26response_mode%3Dform_post%26nonce%3D638790955601966075.ZjY4MDQ5MmUtMjk5My00MmU3LWJkZDAtM2IyZWI4MDE1NjMwNzBkMTBjMzEtYTlkOS00OTQzLTg5YzEtODJkMmUwODFhZWM0%26code_challenge%3DJNt_M1KfT9kYSiUCTOinX_wbGi-mNtbBbEDLPCHYWGo%26code_challenge_method%3DS256%26acr_values%3DappId%253A1%2520brandId%253Ahighplainsbank%26x-client-SKU%3DID_NET461%26x-client-ver%3D5.3.0.0
1411,highplainsbank.accessasc.com/Account/Login
1412,my.hpbgo.com/login
1413,www.hpbgo.com/about-us/flagler-branch
1414,my.hpbgo.com/forgot
1415,www.telepc.net/truelocalbank/Login.aspx
1416,www.telepc.net/truelocalbank/Warning.aspx?WT=WMSG
1417,www.frontierbankco.com/online-banking-information
1418,www.frontierbankco.com/
1419,www.fnbhugo.com/login
1420,www.fnbhugo.com/#
1421,www.firstnationalbankcolorado.com/login
1422,www.commercebank.com/login
1423,www.commercebank.com/
1424,banking.commercebank.com/
1425,homeloan.commercebank.com/
1426,www.commercebank.com/personal/ideas-and-tips/2019/identity-theft-10-warning-signs-and-10-tips-for-prevention
1427,banking.commercebank.com/CBI/Auth/Login
1428,www.commercebank.com/personal/cards/card-member-access
1430,banking.commercebank.com/cbi/login.aspx?exp=trust
1432,www.visaprepaidprocessing.com/CommerceBank/MySpendingCard/Verify/SignIn?m=1
1433,www.visaprepaidprocessing.com/CommerceBank/MySpendingCard/Verify/verifyyouridentity
1434,www.visaprepaidprocessing.com/CommerceBank/MySpendingCard/Home/Index?m=1
1435,www.gunnisonsl.com/
1436,www.gunnisonsl.com/deposits/eft-disclosure
1437,www.gunnisonsl.com/onlinebanking.htm
1438,www.gunnisonsl.com/security/avoiding-fraud
1439,rmbt.com/
1440,www.rmbt.com/
1441,www.telepc.net/rmbt/Login.aspx
1442,www.independent-bank.com/
1443,online.independent-bank.com/ibtx/uux.aspx#/login
1445,pwcbank.com/login
1446,pwcbank.com/
1447,pwcbank.com/blog/2021/10/01/congress-dont-give-the-irs-access-to-consumers-bank-accounts-by-mark-brase-president-points-west-community-bank/
1448,pwcbank.com/financial-tools/
1449,pwcbank.com/about-us/
1450,pwcbank.com/location/dalton/
1451,my.fpnb.bank/login
1452,www.fpnb.bank/
1454,www.fpnb.bank/online-and-mobile-services
1455,www.thebankforme.bank/login
1456,www.thebankforme.bank/
1457,thebankforme.myebanking.net/#/
1458,www.yampavalleybank.com/
1459,fmbcolby.com/login
1460,www.fortisbankus.com/login
1461,www.fortisbankus.com/
1462,www.gn-bank.com/
1463,banking.gn-bank.com/
1464,banking.gn-bank.com/login
1465,banking.gn-bank.com/forgot
1466,www.oakstarbank.com/welcome-fcnb
1469,www.oakstarbank.com/branch-locations/camdenton--hwy-5-
1470,www.transactbank.com/#merchants
1471,www.transactbank.com/#agent
1472,waypointbank.com/login
1473,waypointbank.com/
1474,www.waypointbank.net/PBI_PBI1151/Login/104902363/1
1476,waypointbank.com/locations/
1477,waypointbank.com/https-waypointbank-com-the-benefits-of-switching-to-estatements/
1478,www.firstoakbank.com/login
1479,www.firstoakbank.com/identity-theft/
1480,www.firstoakbank.com/online-services/online-banking/
1481,www.firstoakbank.com/
1482,www.firstoakbank.com/online-services/mobile-banking/mobile-banking-alternate-login/
1483,www.telepc.net/firstoakbank/Login.aspx
1484,www.herringbank.com/login
1485,www.herringbank.com/student-online-banking-login/
1486,mrbportal.herringbank.com/
1487,mrbportal.herringbank.com/auth/login
1488,www.thechampionbank.com/personal-banking
1489,web2.ibtapps.com/ChampionOLB/Auth/EnterUsername
1490,www.fnbo.com/
1491,go.fnbo.com/
1492,www.banking.fnbo.com/individual/summary
1493,www.fnbo.com/insights/2021/wealth/manage-money-in-50s
1495,www.memberstrust.com/
1497,memberstrust.com/home/current-client-faqs/
1498,memberstrust.com/contact/
1499,www.mnb.bank/login
1500,www.mnb.bank/
1502,secure2.mnb1.com/PBI_PBI1151/Login/Remote/104100783
1503,secure.farmersbank-weld.com/
1504,secure.farmersbank-weld.com/login
1505,secure.farmersbank-weld.com/forgot/
1506,www.integritybankandtrust.com/login
1507,integritybankandtrust.myebanking.net/#/login
1508,flatirons.bank/mobile-banking
1509,flatirons.bank/business
1510,flatirons.bank/personal
1511,www.telepc.net/flatironsbank/Login.aspx
1512,www.telepc.net/flatironsbank/login.aspx
1513,direct.idbny.com/login
1514,remote.idbny.com/portal/webclient/index.html
1515,direct.idbny.com/
1516,www.idbny.com/
1517,www.idbny.com/#
