1,sanrio.com
2,bodybuilding.com
3,mccormick.com
4,glossier.com
5,rarebeauty.com
6,neweracap.com
7,morphe.com
8,goodamerican.com
9,gruntstyle.com
10,bareminerals.com
11,ohpolly.com
12,swimoutlet.com
13,unique-vintage.com
14,bodycandy.com
15,quayaustralia.com
16,motelrocks.com
17,shopmissa.com
18,tupperware.com
19,skims.com
20,lauramercier.com
21,milanicosmetics.com
22,fashionnova.com
23,ring.com
24,muji.us
25,hellomolly.com
26,trulybeauty.com
27,4ocean.com
28,ca.vessi.com
29,nyandcompany.com
30,waterdrop.com
31,melissaanddoug.com
32,leons.ca
33,100percentpure.com
34,publicdesire.com
35,lashify.com
36,shapermint.com
37,hauslabs.com
38,wildflowercases.com
39,dvf.com
40,culturekings.com
41,bando.com
42,keenfootwear.com
43,pacificabeauty.com
44,calpaktravel.com
45,kickgame.co.uk
46,gymshark.com
47,us.womensbest.com
48,naturemade.com
49,unclaimedbaggage.com
50,planttherapy.com
51,www.windsorstore.com
52,trueleafmarket.com
53,thehonestkitchen.com
54,toddsnyder.com
55,arcticfoxhaircolor.com
56,blenderbottle.com
57,beginningboutique.com
58,simonsaysstamp.com
59,fentybeauty.com
60,promgirl.com
61,pixibeauty.com
62,xtool.com
63,cvlinens.com
64,culturekings.com.au
65,wayofwade.com
66,lovepop.com
67,verabradley.com
68,movieposters.com
69,waxcenter.com
70,www.wearfigs.com
71,blendjet.com
72,chamberlaincoffee.com
73,hillhousehome.com
74,birchbox.com
75,evolutionofsmooth.com
76,bostonproper.com
77,thecremeshop.com
78,mynuface.com
79,mariobadescu.com
80,ruggable.com
81,vuoriclothing.com
82,aloyoga.com
83,makeupbymario.com
84,freestyleusa.com
85,kyliecosmetics.com
86,svsound.com
87,fearofgod.com
88,petalandpup.com
89,anker.com
90,carhartt-wip.com
91,obagi.com
92,allbirds.com
93,uwowocosplay.com
94,colourpop.com
95,spanx.com
