2,lululemon.com
3,rona.ca
4,vuoriclothing.ca
5,partstown.ca
6,epson.ca
8,tuango.ca
9,callawaygolf.ca
10,oakley.com
11,gapcanada.ca
12,grainger.ca
13,clarius.com
14,travismathew.ca
15,bose.ca
17,nedco.ca
20,labaie.com
25,knix.com
26,lovehoney.ca
27,hilti.ca
28,t-fal.ca
29,boathousestores.com
32,springfreetrampoline.
34,reitmans.com
36,lcbo.com
38,nationalsports.com
39,gnc.ca
40,geappliances.ca
43,omega.ca
47,radpowerbikes.ca
48,penningtons.com
49,indigo.ca
51,cubcadet.ca
52,rootree.ca
53,algosolutions.com
56,thewinnerwill.com
57,sidekicktool.com
58,armament.com
59,sixstarpro.com
60,emotorsdirect.ca
61,sportinglife.ca
63,troybilt.ca
64,rickis.com
65,irobot.ca
67,warehouseone.com
68,silverchef.ca
71,coversandall.ca
72,cloud9naturally.ca
74,peel-3d.com
76,kcmcanada.ca
77,londondrugs.com
79,cloudnineclothing.ca
80,myvega.com
82,electrohome.com
83,duer.ca
84,westburne.ca
85,dufresne.ca
88,nyrius.com
90,k2skates.com
92,blake-envelopes.com
98,tdotperformance.ca
100,humbleandfume.com
102,dymon.ca
103,squareblockstudio.ca
104,thepogstore.com
