1,lululemon.com
2,msnbc.com
3,stanley1913.com
4,fashionnova.com
5,ring.com
6,onepeloton.com
7,sanrio.com
8,oreo.com
9,visitsaltlake.com
10,colgate.com
11,corsair.com
12,gymshark.com
13,stevemadden.com
14,waxcenter.com
15,barstoolsports.com
16,mccormick.com
17,aloyoga.com
18,fentybeauty.com
19,profootballhof.com
20,axcenter.com
21,benjerry.com
22,verabradley.com
23,vuoriclothing.com
24,fearofgod.com
25,overstock.com
26,metv.com
27,earfigs.com
28,skims.com
29,anker.com
30,victoriabeckham.com
31,rainbowshops.com
32,kyliecosmetics.com
33,opi.com
34,indsorstore.com
35,americangirl.com
36,angel.com
37,bombas.com
38,glossier.com
39,ohpolly.com
40,rarebeauty.com
41,hermanmiller.com
42,keenfootwear.com
43,bonnieplants.com
44,colourpop.com
45,instantpot.com
46,spanx.com
47,fast-growing-trees.com
48,soldejaneiro.com
49,grandbaby-cakes.com
50,nyandcompany.com
51,jbhifi.com.au
52,heydude.com
53,bangenergy.com
54,toysrus.com
55,quince.com
56,elgato.com
57,peets.com
58,toms.com
59,skullcandy.com
60,turtlebeach.com
61,hitehousehistory.org
62,gopuff.com
63,kith.com
64,mejuri.com
65,juicycouture.com
66,rhodeskin.com
67,polaroid.com
68,fieldandstream.com
69,drinkag1.com
70,glowrecipe.com
71,yze.com
72,browning.com
73,yarnspirations.com
74,timex.com
75,laurageller.com
76,bakerbynature.com
77,blackanddecker.com
78,ruggable.com
79,beistravel.com
80,smiledirectclub.com
81,neweracap.com
82,liquiddeath.com
83,proflowers.com
84,hasbropulse.com
85,arhaus.com
86,fluke.com
87,vogue.fr
88,rothys.com
89,allbirds.com
90,thirdlove.com
91,nzxt.com
92,nativecos.com
93,benchmade.com
94,stussy.com
95,kickscrew.com
96,harpercollins.com
97,ftd.com
98,drsquatch.com
99,spokesman.com
100,igloocoolers.com
101,spartan.com
102,naturemade.com
103,clevelandmetroparks.com
104,stetson.com
105,parachutehome.com
106,schwinnbikes.com
107,chubbiesshorts.com
108,dremel.com
109,thesill.com
110,jollibeefoods.com
111,hitefoxboutique.com
112,trueclassictees.com
113,biggerpockets.com
114,venus.com
115,showmeyourmumu.com
116,lionbrand.com
117,volcom.com
118,tipsyelves.com
119,eagles.com
120,missouriquiltco.com
121,littlesleepies.com
122,balticborn.com
123,billabong.com
124,brumate.com
125,byte.com
126,roxy.com
127,craftsman.com
128,hoover.com
129,luxyhair.com
130,costafarms.com
131,lauramercier.com
132,gfuel.com
133,atkins.com
134,naturallife.com
135,puffco.com
136,gaia.com
137,brandonsanderson.com
138,cotopaxi.com
139,journeymusic.com
140,greenworkstools.com
141,rugsusa.com
142,linksys.com
143,modcloth.com
144,breastcancer.org
145,gorjana.com
146,kennethcole.com
147,jeffreestarcosmetics.com
148,hodinkee.com
149,radpowerbikes.com
150,ivycityco.com
151,carhartt-wip.com
152,dermalogica.com
153,kttape.com
154,quiksilver.com
155,hatch.co
156,mielleorganics.com
157,puravidabracelets.com
158,theblacktux.com
159,ledger.com
160,inchesterguns.com
161,saltandstraw.com
162,hunterboots.com
163,petalandpup.com
164,atari.com
165,radioflyer.com
166,tnuck.com
167,imgacademy.com
168,bebe.com
169,soundcore.com
170,colorwowhair.com
171,dcshoes.com
172,alaninu.com
173,darntough.com
174,lovevery.com
175,celestron.com
176,clifbar.com
177,sodastream.com
178,betseyjohnson.com
179,whitefoxboutique.com
180,swimoutlet.com
181,fleshlight.com
182,rsc.org.uk
183,rockfordfosgate.com
184,tommyjohn.com
185,drinkolipop.com
186,sprinkles.com
187,drinkpoppi.com
188,tupperware.com
189,creedboutique.com
190,hachettebookgroup.com
191,bcbg.com
192,steelcase.com
193,hyperx.com
194,shopmoment.com
195,stlmag.com
196,coolermaster.com
197,thehydrojug.com
198,calpaktravel.com
199,flyingmag.com
200,ecoatm.com
201,dolcevita.com
202,eveonline.com
203,bluemercury.com
204,vincecamuto.com
205,bacardi.com
206,anycubic.com
207,outdoorvoices.com
208,keychron.com
209,outdoorresearch.com
210,hourglasscosmetics.com
211,luluandgeorgia.com
212,butcherbox.com
213,oliveandjune.com
214,thrivecausemetics.com
215,beachwaver.com
216,zippo.com
217,jackery.com
218,ooni.com
219,perryellis.com
220,aquariumcoop.com
221,mynuface.com
222,brewdog.com
223,culturekings.com
224,tinyrituals.co
225,pier1.com
226,delorean.com
227,cozyearth.com
228,nothing.tech
229,svsound.com
230,ultimateears.com
231,brooklinen.com
232,tuesdaymorning.com
233,unique-vintage.com
234,charlotterusse.com
235,timbuk2.com
236,speckproducts.com
237,aninebing.com
238,loveshackfancy.com
239,orgain.com
240,blendjet.com
241,kidrobot.com
242,sundancecatalog.com
243,loopearplugs.com
244,oseamalibu.com
245,dixxon.com
246,coronausa.com
247,7forallmankind.com
248,corkcicle.com
249,popflexactive.com
250,riflepaperco.com
251,pacificabeauty.com
252,harney.com
253,devacurl.com
254,melissaanddoug.com
255,limitedrungames.com
256,hexclad.com
257,sneakerfreaker.com
258,toddsnyder.com
259,100percentpure.com
260,177milkstreet.com
261,aptera.us
262,drinklmnt.com
263,isseymiyake.com
264,hellomolly.com
265,peakdesign.com
266,interscope.com
267,kissusa.com
268,everlast.com
269,deathwishcoffee.com
270,utzsnacks.com
271,njmonthly.com
272,tuftandneedle.com
273,scfta.org
274,aviatornation.com
275,thomaskinkade.com
276,stumptowncoffee.com
277,sierranevada.com
278,vikingbags.com
279,meritbeauty.com
280,getquip.com
281,steveo.com
282,godzilla.com
283,kosas.com
284,aventon.com
285,berkeyfilters.com
286,bellamihair.com
287,enchroma.com
288,arcade1up.com
289,jenis.com
290,t3micro.com
291,melissas.com
292,jennikayne.com
293,veronicabeard.com
294,dvf.com
295,taschen.com
296,case-mate.com
297,randco.com
298,crownandcaliber.com
299,sigmabeauty.com
300,sokoglam.com
301,davidzwirner.com
302,theproscloset.com
303,cardosystems.com
304,zwift.com
305,yellowoctopus.com.au
306,abbottlyon.com
307,shopjustice.com
308,gouletpens.com
309,viktor-rolf.com
310,versedskin.com
311,kvdveganbeauty.com
312,shoepalace.com
313,publicdesire.com
314,inventables.com
315,fellowproducts.com
316,mcgeeandco.com
317,charlottesweb.com
318,pressed.com
319,owalalife.com
320,bauer.com
321,bulletjournal.com
322,anastasiabeverlyhills.com
323,leesa.com
324,pearlizumi.com
325,madisonavenuecouture.com
326,dakine.com
327,mnml.la
328,sciencefriday.com
329,mrsfields.com
330,ifit.com
331,sundayriley.com
332,patmcgrath.com
333,jonathanadler.com
334,skinnymixes.com
335,saris.com
336,ghostbed.com
337,uncrate.com
338,gaiam.com
339,prettylitter.com
340,bartesian.com
341,herschel.com
342,rue21.com
343,zeromotorcycles.com
344,jessicasimpson.com
345,toynk.com
346,rebeccaminkoff.com
347,kamadojoe.com
348,makeship.com
349,ecobee.com
350,step2.com
351,hauslabs.com
352,obagi.com
353,olehenriksen.com
354,taylorstitch.com
355,mybillie.com
356,onetreeplanted.org
357,mariobadescu.com
358,shoutfactory.com
359,diamondartclub.com
360,jessakae.com
361,rains.com
362,botanicalinterests.com
363,3wishes.com
364,hankypanky.com
365,primalkitchen.com
366,earpepper.com
367,legacybox.com
368,4ocean.com
369,goalzero.com
370,idwpublishing.com
371,lifestraw.com
372,yourparade.com
373,myfahlo.com
374,avocadogreenmattress.com
375,thefryecompany.com
376,newburycomics.com
377,stilacosmetics.com
378,sprayground.com
379,cratejoy.com
380,birdies.com
381,sloomooinstitute.com
382,liquid-iv.com
383,sunnyhealthfitness.com
384,olly.com
385,fromourplace.com
386,buffcitysoap.com
387,iheartraves.com
388,firstaidbeauty.com
389,schoolhouse.com
390,80stees.com
391,spyder.com
392,kurufootwear.com
393,agjeans.com
394,nordic.com
395,tecovas.com
396,patternbeauty.com
397,the-citizenry.com
398,manduka.com
399,mackweldon.com
400,topodesigns.com
401,dormify.com
402,bulletproof.com
403,nakednutrition.com
404,kettleandfire.com
405,telfar.net
406,breyerhorses.com
407,succulentsbox.com
408,giadzy.com
409,tenthousandvillages.com
410,athleticbrewing.com
411,auratenewyork.com
412,southerntide.com
413,oofos.com
414,masterbuilt.com
415,goruck.com
416,tomsofmaine.com
417,counterculturecoffee.com
418,cabbagepatchkids.com
419,credobeauty.com
420,xtool.com
421,loveamika.com
422,baggu.com
423,napoleon.com
424,nanoleaf.me
425,fangamer.com
426,konaworld.com
427,littletikes.com
428,ecoflow.com
429,4moms.com
430,rachaelray.com
431,selfieleslie.com
432,hobobags.com
433,floydhome.com
434,lashify.com
435,getrocketbook.com
436,thehoneypot.co
437,mythical.com
438,drinkhint.com
439,rollerrabbit.com
440,blueland.com
441,blackstoneproducts.com
442,titleboxing.com
443,buffalojackson.com
444,beekman1802.com
445,thermos.com
446,soylent.com
447,girlfriend.com
448,imageskincare.com
449,hellobubble.com
450,whiteoakpastures.com
451,forloveandlemons.com
452,fiftyflowers.com
453,meater.com
454,builddirect.com
455,tower28beauty.com
456,goodamerican.com
457,brighton.com
458,tomboyx.com
459,fantagraphics.com
460,alexandani.com
461,herbivorebotanicals.com
462,philosophy.com
463,olaplex.com
464,bareminerals.com
465,dressbarn.com
466,teaforte.com
467,pvolve.com
468,rmsbeauty.com
469,tentree.com
470,anseladams.com
471,necessaire.com
472,kettlebellkings.com
473,chroniclebooks.com
474,sennheiser-hearing.com
475,tenthousand.cc
476,birchbox.com
477,theouai.com
478,versobooks.com
479,fathead.com
480,blenderseyewear.com
481,evolutionofsmooth.com
482,foratravel.com
483,davidaustinroses.com
484,hobie.com
485,muji.us
486,bluettipower.com
487,igkhair.com
488,rocketlabusa.com
489,momofuku.com
490,assouline.com
491,primitiveskate.com
492,frankiesbikinis.com
493,jonessoda.com
494,megafood.com
495,eliesaab.com
496,primallypure.com
497,pastaevangelists.com
498,edenbrothers.com
499,alastin.com
500,donnakaran.com
501,aerosoles.com
502,usamm.com
503,naturespath.com
504,jenny-bird.com
505,shopdoen.com
506,fredericks.com
507,gasmonkeygarage.com
508,candywarehouse.com
509,moniquelhuillier.com
510,jonesroadbeauty.com
511,ottolenghi.co.uk
512,nuunlife.com
513,baublebar.com
514,nbcstore.com
515,thespicehouse.com
516,bunkerbranding.com
517,thepetlabco.com
518,ecovacs.com
519,carawayhome.com
520,farmrio.com
521,newair.com
522,2modern.com
523,magnoliabakery.com
524,summerfridays.com
525,hiteoakpastures.com
526,visitgalveston.com
527,functionofbeauty.com
528,thehomeedit.com
529,bhg.com.au
530,vervecoffee.com
531,onecountry.com
532,australiangeographic.com.au
533,brookstone.com
534,nixon.com
535,beararchery.com
536,morphe.com
537,shokz.com
538,lumecube.com
539,thefrankieshop.com
540,ycmc.com
541,drkellyann.com
542,arteza.com
543,bragg.com
544,truff.com
545,histlepigwhiskey.com
546,burkedecor.com
547,jmclaughlin.com
548,gldn.com
549,hak5.org
550,rockport.com
551,nisolo.com
552,simonsaysstamp.com
553,bethanyhamilton.com
554,isabelmarant.com
555,headphones.com
556,hydrow.com
557,blissy.com
558,drhyman.com
559,beddys.com
560,explodingkittens.com
561,northernbrewer.com
562,itsa10haircare.com
563,gruntstyle.com
564,sculpey.com
565,kizik.com
566,travelpro.com
567,silkandsonder.com
568,branchbasics.com
569,limecrime.com
570,trueandco.com
571,typology.com
572,nyrb.com
573,briggs-riley.com
574,jellyroll615.com
575,mmlafleur.com
576,echelonfit.com
577,bokksu.com
578,grovemade.com
579,losangelesapparel.net
580,santacruzbicycles.com
581,parksproject.us
582,dynamicdiscs.com
583,mantisx.com
584,tuftandpaw.com
585,galaxycon.com
586,lacolombe.com
587,currentbody.com
588,colleenhoover.com
589,hammondscandies.com
590,studs.com
591,velvetcaviar.com
592,obeyclothing.com
593,drinkprime.com
594,modelousa.com
595,roushperformance.com
596,liquitex.com
597,stelladot.com
598,robbiewilliams.com
599,dermae.com
600,ridge.com
601,hustlerhollywood.com
602,solawave.co
603,milanicosmetics.com
604,liteboxer.com
605,covertinstruments.com
606,basepaws.com
607,pfaltzgraff.com
608,bryananthonys.com
609,nobullproject.com
610,factorio.com
611,monos.com
612,lesportsac.com
613,thewoobles.com
614,groworganic.com
615,rocskincare.com
616,elephantstock.com
617,homeboyindustries.org
618,junkfoodclothing.com
619,coolibar.com
620,magicspoon.com
621,eltamd.com
622,dukesmayo.com
623,chomps.com
624,mykitsch.com
625,matethelabel.com
626,holelattelove.com
627,londontownusa.com
628,frankandoak.com
629,47brand.com
630,trickortreatstudios.com
631,twinings.co.uk
632,decathlon.com
633,eufy.com
634,miracare.com
635,fungi.com
636,reef.com
637,brightland.co
638,coravin.com
639,lenox.com
640,gtbicycles.com
641,bottegalouie.com
642,gamersupps.gg
643,popl.co
644,1stphorm.com
645,escortradar.com
646,questnutrition.com
647,beardbrand.com
648,untuckit.com
649,stiiizy.com
650,missoma.com
651,priverevaux.com
652,moonjuice.com
653,girlboss.com
654,plantdelights.com
655,staud.clothing
656,teddybaldassarre.com
657,aterdrop.com
658,ogee.com
659,oreck.com
660,theop.games
661,outerknown.com
662,starface.world
663,thehundreds.com
664,weareknitters.com
665,cervelo.com
666,polene-paris.com
667,ildforkfoods.com
668,grandecosmetics.com
669,makeupbymario.com
670,portlandleathergoods.com
671,koparibeauty.com
672,alteclansing.com
673,ildgrain.com
674,atches.com
675,aloha.com
676,juviasplace.com
677,pacsafe.com
678,selkirk.com
679,vitalproteins.com
680,maryruthorganics.com
681,playbackbone.com
682,summersalt.com
683,hawaiianbarbecue.com
684,lisaeldridge.com
685,blissworld.com
686,lectricebikes.com
687,cobra.com
688,colorescience.com
689,rsvlts.com
690,jeffreycampbellshoes.com
691,omniafishing.com
692,tataharperskincare.com
693,dtlr.com
694,psychobunny.com
695,grantcardone.com
696,angelusdirect.com
697,gamechangersmovie.com
698,videotron.com
699,bkbeauty.com
700,moon.com
701,petlibro.com
702,taser.com
703,gunnar.com
704,golo.com
705,cncpts.com
706,kleankanteen.com
707,chromeindustries.com
708,estman-atelier.com
709,stitchgolf.com
710,earlively.com
711,skratchlabs.com
712,nakedwolfe.com
713,ruffwear.com
714,oatsovernight.com
715,zentangle.com
716,hunterfan.com
717,flaviar.com
718,diffeyewear.com
719,voguescandinavia.com
720,barbellapparel.com
721,meshki.us
722,simplemodern.com
723,visitbristol.co.uk
724,ninewest.com
725,savoryspiceshop.com
726,teeturtle.com
727,zevia.com
728,artoftea.com
729,ihealthlabs.com
730,manucurist.com
731,chihulygardenandglass.com
732,summermooncoffee.com
733,loefflerrandall.com
734,glamnetic.com
735,dagnedover.com
736,gaiaherbs.com
737,saalt.com
738,lucyandyak.com
739,mechanicalkeyboards.com
740,amiri.com
741,bratz.com
742,taftclothing.com
743,poppin.com
744,andar.com
745,ethenew.com
746,xoticpc.com
747,ranchogordo.com
748,louisck.com
749,nordgreen.com
750,snowpeak.com
751,zinus.com
752,gspawn.com
753,nrsworld.com
754,eareknitters.com
755,simplehuman.com
756,youngla.com
757,leminimacaron.com
758,twinkly.com
759,goodr.com
760,greenpan.us
761,thevarsity.com
762,olukai.com
763,getcasely.com
764,lundsandbyerlys.com
765,schick.com
766,buckmason.com
767,nekterjuicebar.com
768,meatchurch.com
769,mgemi.com
770,jordancraig.com
771,miravalresorts.com
772,keto-mojo.com
773,ngv.vic.gov.au
774,betterthanbouillon.com
775,shopmicas.com
776,shopakira.com
777,owlcrate.com
778,tablotv.com
779,pillowcube.com
780,smokecartel.com
781,mypetchicken.com
782,audeze.com
783,faoschwarz.com
784,fahertybrand.com
785,hurley.com
786,madebymary.com
787,mygemma.com
788,greatgardenplants.com
789,itsugar.com
790,hyperlitemountaingear.com
791,thelipbar.com
792,elizabetharden.com
793,analuisa.com
794,thebeardclub.com
795,totalboat.com
796,wallsneedlove.com
797,goorin.com
798,biltwellinc.com
799,pax.com
800,dishoom.com
801,fashiontofigure.com
802,murad.com
803,vegamour.com
804,bearaby.com
805,cosrx.com
806,touchnote.com
807,lemmelive.com
808,innova.com
809,publicrec.com
810,honeyflow.com
811,lspace.com
812,drdennisgross.com
813,duckcommander.com
814,briogeohair.com
815,madhappy.com
816,hard-drive.net
817,theresacaputo.com
818,gooddyeyoung.com
819,ulike.com
820,shopthemint.com
821,trulybeauty.com
822,edikted.com
823,august.com
824,heatonist.com
825,snorgtees.com
826,serta.com
827,onebite.app
828,kachava.com
829,kswiss.com
830,bruker.com
831,flyingtiger.com
832,foco.com
833,zoo.org.au
834,kingice.com
835,nationsphotolab.com
836,sunbum.com
837,frenchconnection.com
838,gund.com
839,spongelle.com
840,aeropress.com
841,milkmakeup.com
842,jewelrybyjohan.com
843,drinkarizona.com
844,beachbunnyswimwear.com
845,singer.com
846,floretflowers.com
847,peachandlily.com
848,getnexar.com
849,jlobeauty.com
850,686.com
851,seekinghealth.com
852,yakima.com
853,shinesty.com
854,chipcookies.co
855,estcoastseeds.com
856,triangl.com
857,kbdfans.com
858,barkshop.com
859,vicicollection.com
860,redcon1.com
861,mylola.com
862,rhone.com
863,mudwtr.com
864,savannahbee.com
865,safariland.com
866,jlaudio.com
867,rishi-tea.com
868,fultonfishmarket.com
869,vessi.com
870,bigagnes.com
871,dropps.com
872,turtlewax.com
873,beyondyoga.com
874,gisou.com
875,psaudio.com
876,juicebeauty.com
877,saiehello.com
878,orbitonline.com
879,bbcicecream.com
880,badbirdiegolf.com
881,pilates.com
882,thuma.co
883,kindredbravely.com
884,iomttraces.com
885,mikeshothoney.com
886,therow.com
887,nemoequipment.com
888,oribe.com
889,setactive.co
890,wusthof.com
891,levoit.com
892,tryarmra.com
893,ondercide.com
894,hunzag.com
895,youtooz.com
896,onyxcoffeelab.com
897,stoneglacier.com
898,discoverlongisland.com
899,flourbakery.com
900,jluxlabel.com
901,edensgarden.com
902,lunya.co
903,retrospec.com
904,paramountshop.com
905,bdgastore.com
906,mikasa.com
907,patagoniaprovisions.com
908,ugaoo.com
909,recteq.com
910,aimeleondore.com
911,perfectlocks.com
912,homage.com
913,pureromance.com
914,lenskart.com
915,mackage.com
916,traditionalmedicinals.com
917,alohas.com
918,magiclinen.com
919,unclaimedbaggage.com
920,moroccanoil.com
921,beatboxbeverages.com
922,bananaboat.com
923,felixgray.com
924,vinegarsyndrome.com
925,staples.ca
926,merimeri.com
927,levainbakery.com
928,hellotushy.com
929,setforset.com
930,thermaltakeusa.com
931,quadlockcase.com
932,thetiebar.com
933,chemicalguys.com
934,reneesgarden.com
935,cutsclothing.com
936,beginningboutique.com
937,prioritybicycles.com
938,sivanaspirit.com
939,framebridge.com
940,cobragolf.com
941,naturium.com
942,passionplanner.com
943,thehonestkitchen.com
944,primalwear.com
945,afflictionclothing.com
946,meowingtons.com
947,bando.com
948,gsioutdoors.com
949,dansko.com
950,revivalrugs.com
951,chamberlaincoffee.com
952,petsafe.com
953,auraframes.com
954,dylanscandybar.com
955,funboy.com
956,mcphee.com
957,takearecess.com
958,tatteredcover.com
959,businessandpleasureco.com
960,lukeslobster.com
961,bloomsybox.com
962,uniden.com
963,motelrocks.com
964,lucchese.com
965,thehalara.com
966,nuggetcomfort.com
967,erenotreallystrangers.com
968,grunt.com
969,dkny.com
970,fiestafactorydirect.com
971,alkeredison.com
972,noma.org
973,kodiakcakes.com
974,american-giant.com
975,rayconglobal.com
976,mytopicals.com
977,greatjonesgoods.com
978,planttherapy.com
979,drakes.com
980,k18hair.com
981,tomsegura.com
982,brixton.com
983,eaglecreek.com
984,painfulpleasures.com
985,hatchcollection.com
986,crossrope.com
987,longaberger.com
988,boutiquerugs.com
989,uncommonjames.com
990,feastables.com
991,vosgeschocolate.com
992,hillhousehome.com
993,venusetfleur.com
994,nfinity.com
995,grav.com
996,grit.com
997,shopdressup.com
998,alysbeach.com
999,peachybbies.com
1000,territorialseed.com
