1,underarmour.ca
2,lululemon.com
3,choosemuse.com
4,rona.ca
5,vuoriclothing.ca
6,partstown.ca
7,epson.ca
8,pearsonclinical.ca
9,amway.ca
10,tuango.ca
11,callawaygolf.ca
12,oakley.com
13,gapcanada.ca
14,grainger.ca
15,clarius.com
16,travismathew.ca
17,bose.ca
18,tgod.ca
19,rodanandfields.com
20,nedco.ca
21,seton.ca
22,mosaicmfg.com
23,moncler.com
24,labaie.com
25,brother.ca
26,posterjack.ca
27,moroccanoil.com
28,garageclothing.xyz
29,knix.com
30,lovehoney.ca
31,hilti.ca
32,tinadavies.com
33,t-fal.ca
34,boathousestores.com
35,dynamiteclothing.com
36,skechers.ca
37,baileynelson.com
38,springfreetrampoline.com
39,spanx.com
40,nudestix.com
41,reitmans.com
42,bornprimitive.ca
43,lcbo.com
44,riversol.com
45,nationalsports.com
46,gnc.ca
47,geappliances.ca
48,purelyinspired.com
49,dogwoodbc.ca
50,omega.ca
51,velourbeauty.com
52,sheertex.com
53,herschel.com
54,radpowerbikes.ca
55,penningtons.com
56,indigo.ca
57,enfamil.ca
58,cubcadet.ca
59,rootree.ca
60,algosolutions.com
61,sheertex.com
62,doubleradius.com
63,cloudgallery.ca
64,thewinnerwill.com
65,sidekicktool.com
66,armament.com
67,sixstarpro.com
68,emotorsdirect.ca
69,gnc.ca
70,sportinglife.ca
71,cloutsnchara.com
72,troybilt.ca
73,rickis.com
74,irobot.ca
75,digitalsigntech.net
76,warehouseone.com
77,silverchef.ca
78,lolelife.com
79,bowflex.ca
80,coversandall.ca
81,cloud9canine.ca
82,cloud9naturally.ca
83,ralphlauren.ca
84,peel-3d.com
85,peace-collective.com
86,kcmcanada.ca
87,londondrugs.com
88,montrealweights.ca
89,cloudsandcoils.ca
90,cloudnineclothing.ca
91,myvega.com
92,saltspringcoffee.com
93,electrohome.com
94,duer.ca
95,westburne.ca
96,dufresne.ca
97,cloudninepajamas.com
98,cloutieroptical.ca
99,keurig.ca
100,nyrius.com
101,cloudebikes.ca
102,k2skates.com
103,twobears.ca
104,prohockeylife.com
105,blake-envelopes.com
106,cloudsleycellars.com
107,cloudbarista.com
108,ethique.com
109,blumaan.com
110,cdnsolar.ca
111,cloud9kids.ca
112,tdotperformance.ca
113,shopbeergear.ca
114,humbleandfume.com
115,hillbergandberk.com
116,dymon.ca
117,squareblockstudio.ca
118,thepogstore.com
